camera,sample_index,ros_time_sec,camera_frame_id,base_frame_id,marker_id,camera_x,camera_y,camera_z,camera_qx,camera_qy,camera_qz,camera_qw,base_x,base_y,base_z,base_qx,base_qy,base_qz,base_qw
front,1,0.0,camera_front_optical_link,base_link,12,0.04042352054376714,-0.006064229996062366,0.15235413968831973,0.8959016268742367,0.027473946869835418,-0.05006123469661673,0.44056705504172666,0.3686570328436004,-0.04042408017157971,0.13974309760102055,0.36426648725778055,-0.3695371272030956,-0.6434132851313227,0.5628246462228524
front,1,0.0,camera_front_optical_link,base_link,10,-0.05235342228203124,-0.006856183768710865,0.15677278424225896,0.8986764215746493,-0.038517926684578034,0.0794188128035603,0.4296390471111507,0.37232730984863394,0.05235284642299437,0.14232838074699633,0.3799111322678598,-0.3655060086821388,-0.5356606789941256,0.6596518219301435
front,2,0.0,camera_front_optical_link,base_link,12,0.04050274039201699,-0.00592209902289662,0.15260890717832765,0.8970423002237184,0.026809513846196384,-0.050368932372314795,0.43824574410750866,0.3689479974004778,-0.04050330095564035,0.13972195130421267,0.36531552800583456,-0.3716124733343945,-0.6423933703627427,0.5619426059430879
front,2,0.0,camera_front_optical_link,base_link,10,-0.05240610211683222,-0.006754517812886068,0.15665663522066958,0.8984573479258684,-0.036612634855860256,0.0787167381689654,0.43039236059549796,0.372265008587854,0.05240552668443554,0.1421871537320724,0.38036379406021237,-0.3642196395400499,-0.5371692660634023,0.6588752673597191
front,3,0.0,camera_front_optical_link,base_link,12,0.04051939994721816,-0.0059248714001892445,0.1527425907951812,0.8972775088678132,0.0268820905941685,-0.04834885985777705,0.43798722930664463,0.3690679844259217,-0.04051996100188879,0.13978096056496492,0.3663647851669777,-0.3710401968103689,-0.6411514340818754,0.5630549308151306
front,3,0.0,camera_front_optical_link,base_link,10,-0.05233742559891307,-0.006898713335194391,0.15706135814800223,0.898610742439689,-0.03648140764097072,0.08016475558754801,0.42981560282301634,0.3725708734416189,0.052336848679884584,0.14248888123098208,0.381302805614214,-0.3639018446614124,-0.5360698936397603,0.659403281016865
front,4,0.0,camera_front_optical_link,base_link,12,0.040418999411131085,-0.006016906285537725,0.15235488401822325,0.8961733961216171,0.02710803152088898,-0.05053488270234059,0.43998252731349496,0.3686777071452063,-0.04041955904167712,0.13970052224567678,0.36425246648544385,-0.3703194533985368,-0.6433113912075351,0.5624358603756572
front,4,0.0,camera_front_optical_link,base_link,10,-0.0522835635304348,-0.006765733322733227,0.1561147592769466,0.8980139291993314,-0.038783263011783704,0.07691035542976254,0.43145293915073135,0.3717691610408948,0.052282990088460275,0.14196831355289036,0.37771561775965745,-0.36553303829879713,-0.5378858754688934,0.6590867127954805
front,5,0.0,camera_front_optical_link,base_link,12,0.040512418161505775,-0.005872555330714226,0.1524778487487276,0.8964437966870539,0.026858378368893057,-0.049854875766270706,0.4395243318122707,0.3688501557622541,-0.04051297824372391,0.1396216621594779,0.3646972759915759,-0.3705453248806221,-0.6426404880503754,0.5627657258680681
front,5,0.0,camera_front_optical_link,base_link,10,-0.05245885753781431,-0.00686956269685319,0.1568199659716875,0.8996502641583184,-0.0386656475945254,0.07724748548910865,0.42798036857030464,0.3723644173168834,0.052458281505468364,0.14236044604998827,0.38020902870511875,-0.36763000398281176,-0.5362802722881769,0.6577938462901786
front,6,0.0,camera_front_optical_link,base_link,12,0.04039293516836886,-0.0058770671762870775,0.15222943188200447,0.8961938755793905,0.026559394629524852,-0.04925217203601724,0.4401197103977959,0.36862310682875365,-0.04039349433810176,0.1395207668663986,0.3643727115411625,-0.37011939716506326,-0.6424275753840569,0.5634988636301523
front,6,0.0,camera_front_optical_link,base_link,10,-0.052305726729959416,-0.00685737276544278,0.15655458912890152,0.8983639206925065,-0.03684513702857426,0.07961714591506723,0.43040191908456055,0.37212905490450926,0.05230515167239824,0.14223724582070885,0.3805078812109083,-0.36395685708784375,-0.5365141635454624,0.6594707808767853
front,7,0.0,camera_front_optical_link,base_link,12,0.04051249232283413,-0.005972508623207785,0.15244951634461257,0.8966132364818183,0.02698046470369825,-0.0494174885022085,0.43922052606874534,0.36878223611017813,-0.04051305230098288,0.13970027708605393,0.36515273368738893,-0.37052281439427026,-0.6423092244487765,0.5628633806546549
front,7,0.0,camera_front_optical_link,base_link,10,-0.05230766007617145,-0.00680425609285484,0.15653359286489663,0.8979993058780794,-0.03738648238376865,0.07879511139038146,0.43126653939116705,0.37213247368195057,0.05230708509573456,0.14218023235149707,0.37932678660436137,-0.36404607129018796,-0.5371758282501362,0.6595633225751482
rear,1,0.0,camera_rear_optical_link,base_link,3,0.04657561697336647,0.008059717115709856,0.1564917859478327,-0.03125603173781259,0.8767969845010667,-0.47469646115049385,-0.07009549358581242,-0.09471686118612488,0.04657619182830512,0.1433012636142985,0.748516480311069,-0.657971627261659,-0.020096657245974824,0.07995336633883231
rear,1,0.0,camera_rear_optical_link,base_link,5,-0.0435375608106144,0.007856540154755181,0.15622636406054638,0.033941581236947266,0.8777467510200466,-0.4725903904378558,0.07118239250462892,-0.09487124796468058,-0.04353698693074348,0.14300509027752462,0.6557258259291424,-0.7502951966603683,-0.08119684555563271,0.022086904485204787
front,8,0.0,camera_front_optical_link,base_link,12,0.04038933158675739,-0.00592059534602664,0.15225132345095418,0.8959182264891558,0.026345143789468003,-0.04980086643057197,0.44063174936221117,0.3686245517348624,-0.04038989083690313,0.1395694685622401,0.36367754759307397,-0.37009670624291213,-0.6428740343395166,0.56345367633628
front,8,0.0,camera_front_optical_link,base_link,10,-0.05230026284502576,-0.006806540423141056,0.1563695977297299,0.8978568986944383,-0.03720631556130599,0.0782937993659345,0.4316697354807313,0.3719828779215739,0.05229968846697667,0.14211299590370136,0.3790056561148422,-0.36389097494316625,-0.5377295926633547,0.6593822534478558
rear,2,0.0,camera_rear_optical_link,base_link,3,0.0465587320740022,0.008044644634023277,0.156324559102977,-0.031734567367568356,0.8765218133100031,-0.4750120541690759,-0.0711756729494874,-0.09486204993224398,0.046559306314628554,0.14321692972668876,0.7491680509683766,-0.6572316514774864,-0.019341526609453222,0.08012298704389105
rear,2,0.0,camera_rear_optical_link,base_link,5,-0.043458450040418255,0.008022667450084722,0.15618388340623401,0.033399319997430676,0.8761965891228901,-0.47547952584625025,0.07129686622950235,-0.0949799576501002,-0.04345787631599392,0.1431376991502868,0.6561789170408824,-0.7501884919730536,-0.07915920038791298,0.019500675275401693
front,9,0.0,camera_front_optical_link,base_link,12,0.04029242289588545,-0.0059719137166130256,0.15240139187818633,0.8965111245246635,0.027416302356849272,-0.050345015569371085,0.439296630280635,0.36873887259930216,-0.04029298269726464,0.13967940015371247,0.36497044712530013,-0.370525478665908,-0.6430345480924512,0.5621512361847967
front,9,0.0,camera_front_optical_link,base_link,10,-0.052414593948221136,-0.00676041786250979,0.15682266348288393,0.8992647930922406,-0.03644990885553273,0.07949445252296965,0.4285730603610853,0.37241298815533197,0.05241401790596845,0.14226266699187312,0.38192905274533767,-0.36499986141394325,-0.5359890886402308,0.6584990483633714
rear,3,0.0,camera_rear_optical_link,base_link,3,0.04654380525511608,0.008100168326109589,0.15629716072346037,-0.03294258583122082,0.8759962089945813,-0.47577799783567265,-0.07197725085992855,-0.09491034670369983,0.04654437939530124,0.14325567208659917,0.7501705640638293,-0.6561842329381475,-0.018665975766110048,0.07948558739941769
rear,3,0.0,camera_rear_optical_link,base_link,5,-0.04368896305141016,0.007877310618839525,0.15634358555806535,0.03371911237197343,0.8772558769436432,-0.4737777946914539,0.0694244127522048,-0.09477378691202093,-0.04368838874088534,0.1430734552193961,0.6566847878897294,-0.7496530012472744,-0.07933833740998186,0.022156156981622828
front,10,0.0,camera_front_optical_link,base_link,12,0.040507283445675966,-0.005969626148306364,0.1526077464616754,0.8967694995009455,0.02717614707107278,-0.04988764789970935,0.43883612474616274,0.36892685975743433,-0.04050784400503639,0.1397645350452198,0.3653300393992886,-0.370823978874369,-0.642494081494066,0.5623387717820927
front,10,0.0,camera_front_optical_link,base_link,10,-0.052305726729959416,-0.00685737276544278,0.15655458912890152,0.8983639206925065,-0.03684513702857426,0.07961714591506723,0.43040191908456055,0.37212905490450926,0.05230515167239824,0.14223724582070885,0.3805078812109083,-0.36395685708784375,-0.5365141635454624,0.6594707808767853
rear,4,0.0,camera_rear_optical_link,base_link,3,0.04651787672057641,0.00810894761914851,0.15638984759942798,-0.030930347180833893,0.8760734456920328,-0.4758388842516675,-0.07152613236216572,-0.09483005422790003,0.04651845120125105,0.14330280030478648,0.7488683321874615,-0.6576248564765759,-0.018163536070534687,0.07997409048152364
rear,4,0.0,camera_rear_optical_link,base_link,5,-0.04345315801868773,0.007837421951309726,0.1558300794207358,0.034240208914940236,0.8756861904854408,-0.47642684726053347,0.07084322900564242,-0.09522232377758533,-0.043452585594520525,0.14282028486425202,0.6559053148342886,-0.7505731494042763,-0.07781032194983853,0.01933181738846265
front,11,0.0,camera_front_optical_link,base_link,12,0.04051249232283413,-0.005972508623207785,0.15244951634461257,0.8966132364818183,0.02698046470369825,-0.0494174885022085,0.43922052606874534,0.36878223611017813,-0.04051305230098288,0.13970027708605393,0.36515273368738893,-0.37052281439427026,-0.6423092244487765,0.5628633806546549
front,11,0.0,camera_front_optical_link,base_link,10,-0.052383056813383753,-0.006798059993350518,0.15651831823322623,0.897898085648892,-0.03693378675511443,0.08027462951433624,0.43124344289544736,0.3721212489520086,0.052382481889053305,0.14216816160176987,0.38010728438302327,-0.3631623986395045,-0.5364132546391602,0.6602214362021188
rear,5,0.0,camera_rear_optical_link,base_link,3,0.04667249319749642,0.008071249257253431,0.15661495502104897,-0.030931200454105738,0.8769900748041402,-0.47444432225458893,-0.06952880420286534,-0.0946101063219511,0.046673068504900925,0.1433637689916208,0.7481268197215099,-0.6584000066282996,-0.020534928266837955,0.07996255127439576
rear,5,0.0,camera_rear_optical_link,base_link,5,-0.04344233271175701,0.007901806636764937,0.155981056244612,0.03402410933928023,0.876128135737314,-0.4754710450065481,0.07189669751461861,-0.09511270289679302,-0.04344175973279077,0.14294244312042487,0.6555343756675192,-0.7507449444497847,-0.07925859658384736,0.019359379350727207
front,12,0.0,camera_front_optical_link,base_link,12,0.040503618641057004,-0.005913277132426985,0.15265749106192908,0.8963222046693484,0.026838839300064903,-0.050867796911880696,0.4396574227270998,0.3689957576915768,-0.04050417938313881,0.13973448820087425,0.3641777055113437,-0.3708187358691959,-0.6432703113132534,0.5622022505467359
front,12,0.0,camera_front_optical_link,base_link,10,-0.052416358328153646,-0.006707348336675287,0.15680149013137568,0.8988994060697214,-0.036993606602994764,0.07867666471817723,0.4294430267996311,0.3724162265112205,0.052415782363675736,0.14220562141217516,0.3807456770405429,-0.36508637337638417,-0.5366502218789575,0.6585979112835717
rear,6,0.0,camera_rear_optical_link,base_link,3,0.04650084607502127,0.008076369705573027,0.15606238212652737,-0.031242509526692896,0.8756352577579908,-0.47654354419296785,-0.07206282993039173,-0.09511307009385453,0.046501419352731665,0.14313488087459147,0.7492647996403556,-0.657241183444577,-0.017375350009328504,0.0795888435418108
rear,6,0.0,camera_rear_optical_link,base_link,5,-0.04341502195333106,0.007915203583314155,0.15557915369883168,0.03268513288204827,0.8752131345242691,-0.47744440033521335,0.07057262807374441,-0.09548261165886304,-0.04341445045058758,0.14278473223666377,0.6570400016096721,-0.7496474207394196,-0.077453199136626,0.018115816487259916
front,13,0.0,camera_front_optical_link,base_link,12,0.040413535433853696,-0.0060140847574306254,0.15251257785443817,0.8963279584907489,0.027304425167879856,-0.05100960958433635,0.4396005902226608,0.36882181899989175,-0.04041409564364153,0.13976460880175334,0.36442651061319575,-0.37061997856241036,-0.6435000658417309,0.5619090808256944
front,13,0.0,camera_front_optical_link,base_link,10,-0.05257484867880657,-0.006802437280345215,0.15707188998064597,0.8986841493883195,-0.03676778223149919,0.07778359445544387,0.4300751588519858,0.3726211070028205,0.0525742717210922,0.14240607660589988,0.38017251010682207,-0.3649224635992846,-0.5375638166000912,0.6582747156028783
rear,7,0.0,camera_rear_optical_link,base_link,3,0.046421749958405506,0.008080155353380268,0.1561089700008686,-0.031088559887180504,0.8757176707462744,-0.4764782497188668,-0.07155794946549471,-0.09507244683894611,0.0464223234072568,0.14315800098269524,0.7490055131200541,-0.6575491540052986,-0.01768820568127174,0.07941648923528331
rear,7,0.0,camera_rear_optical_link,base_link,5,-0.04367451929610837,0.007920790469261151,0.15631449911839565,0.03460166899137547,0.8774489512040167,-0.4731998773613491,0.07048360518011863,-0.09481852369676591,-0.043673945092268615,0.1431005687130456,0.6556516211239688,-0.7504773253389263,-0.08005270407499705,0.02227780150562116
front,14,0.0,camera_front_optical_link,base_link,12,0.04050054371220071,-0.005912376317885285,0.1525213220384173,0.8961614411437513,0.026062587338092937,-0.051421344804212725,0.43996733770465896,0.3688727271234785,-0.04050110395410577,0.13967612476481922,0.36329084473250145,-0.37127835459828795,-0.6434292529066095,0.562290798470307
front,14,0.0,camera_front_optical_link,base_link,10,-0.05232833674526253,-0.0068639301768628706,0.15653540094289128,0.898594328328769,-0.035443189101343975,0.07661692682533688,0.4305831626591268,0.37210889328692837,0.05232776175818326,0.14223507969139165,0.38027263086398433,-0.3643291983454965,-0.5390316596552192,0.6573445301651576
rear,8,0.0,camera_rear_optical_link,base_link,3,0.04655364598674649,0.008019671280768838,0.15649468606977102,-0.03166836573728556,0.8763653316575802,-0.47514563472105265,-0.07223258188488828,-0.09469730849093053,0.04655422085219481,0.14326619550662456,0.7494875479408215,-0.6568270126086877,-0.018546952261262482,0.08063933005066715
rear,8,0.0,camera_rear_optical_link,base_link,5,-0.04357417220014756,0.007925780761776798,0.1563430149123195,0.03509997449446001,0.8774070796814959,-0.4730738734195791,0.07159552083107888,-0.09479478898902899,-0.043573597891546266,0.14311714267292547,0.6548591586695952,-0.7511241045668119,-0.08058573250702246,0.021863246821133074
front,15,0.0,camera_front_optical_link,base_link,12,0.0405080201262414,-0.005925080057945587,0.15245058369278525,0.8968858275397542,0.026614185959318627,-0.04989388200410686,0.4386320758934685,0.36880324747928617,-0.04050858010831013,0.1396577432120448,0.3651394334488182,-0.37130838075669104,-0.6422068027922873,0.5624710685607117
front,15,0.0,camera_front_optical_link,base_link,10,-0.05229975023570196,-0.006864981182067717,0.1564976288265397,0.8991212138731249,-0.03675097920227015,0.07907872844003379,0.42892535830759654,0.37207421579475225,0.0522991753873676,0.1422200691332928,0.38137208407716244,-0.3651178802351871,-0.5362781763668477,0.6585210585636984
rear,9,0.0,camera_rear_optical_link,base_link,3,0.04654380525511608,0.008100168326109589,0.15629716072346037,-0.03294258583122082,0.8759962089945813,-0.47577799783567265,-0.07197725085992855,-0.09491034670369983,0.04654437939530124,0.14325567208659917,0.7501705640638293,-0.6561842329381475,-0.018665975766110048,0.07948558739941769
rear,9,0.0,camera_rear_optical_link,base_link,5,-0.04363355856516247,0.007925533091759992,0.15623541994571732,0.03338175522531155,0.8765263897399785,-0.4749541983800855,0.07075066041110202,-0.0948921981240747,-0.043632984651780046,0.14307144637497013,0.6563940060961881,-0.7499675946799397,-0.079278721666461,0.020258331173002846
front,16,0.0,camera_front_optical_link,base_link,12,0.040508026306840916,-0.005825113566850575,0.15247955465962437,0.8967162713627354,0.0264926163089685,-0.05033603258788572,0.43893547792099286,0.36887175144446205,-0.0405085863953246,0.1395793861892881,0.3646825581332719,-0.3713324768071228,-0.6425408184001776,0.5623700918001338
front,16,0.0,camera_front_optical_link,base_link,10,-0.05242570069483358,-0.006755495722837378,0.15681299343792635,0.898716502568084,-0.03608990370572687,0.07769984941126269,0.43008010912360223,0.3724063043073005,0.05242512468810095,0.14225411932465318,0.3805623713035332,-0.36456743039879436,-0.5378865486974368,0.657982470108902
rear,10,0.0,camera_rear_optical_link,base_link,3,0.046544347380764135,0.008082854110831416,0.15613902546806002,-0.03277474680092438,0.8758350141785302,-0.4761677781079715,-0.07143592235526153,-0.09504634833801828,0.046544920940024145,0.143173148773872,0.7499167623895878,-0.6565419492787519,-0.018631346085621402,0.07893282756504393
rear,10,0.0,camera_rear_optical_link,base_link,5,-0.04357373360124187,0.007866505380065007,0.15619821522884392,0.0346895715402772,0.8769308321539881,-0.47398848142380745,0.07158120368936823,-0.09490097082625432,-0.04357315982473151,0.14300222558489406,0.6551728153372101,-0.7509373782039246,-0.080006736313604,0.020989478406463036
front,17,0.0,camera_front_optical_link,base_link,12,0.04038757184722452,-0.005973977837447116,0.1523591044245954,0.8965194464169115,0.026878186071172493,-0.04929460012369011,0.4394320057852905,0.36869967443512214,-0.040388131493272604,0.1396633994409127,0.3650021466837744,-0.37040084019769093,-0.6422875653869193,0.5630660119794353
front,17,0.0,camera_front_optical_link,base_link,10,-0.052330321721910204,-0.006760976838567395,0.1568556568652147,0.8993358149231168,-0.036296809192839515,0.07907590401470453,0.42851445138203836,0.3724426538582234,0.052329745558466624,0.1422771169530408,0.38192595935063306,-0.36513219881219316,-0.5362888946350504,0.6581833030818903
rear,11,0.0,camera_rear_optical_link,base_link,3,0.04655844045046853,0.008062028006431687,0.15648371729361246,-0.03190166657975653,0.8766841362911006,-0.47462017229880193,-0.07171402158585503,-0.09472515043331928,0.04655901527577774,0.14329994803079987,0.7494201536555168,-0.6568753828271773,-0.019379334258229252,0.08067593280711931
rear,11,0.0,camera_rear_optical_link,base_link,5,-0.043534206233574194,0.007976334866575154,0.15614703549176834,0.033316113843587326,0.8757898033425708,-0.47608703381967205,0.07227304579390993,-0.09499377176050228,-0.043533632644664984,0.14308013503892653,0.6558458773919537,-0.7504979628362431,-0.07925612943342239,0.01837005263629508
front,18,0.0,camera_front_optical_link,base_link,12,0.040503540917480645,-0.0060133388229527355,0.15262888566377375,0.8964928396834295,0.02696142678688662,-0.050433577503831886,0.439351936518005,0.3689275448123257,-0.04050410155449031,0.1398130859985688,0.3646336097579986,-0.3707984813211074,-0.6429405792410053,0.5622972776477332
front,18,0.0,camera_front_optical_link,base_link,10,-0.052453718816933614,-0.006762200933820585,0.15713667999321934,0.8997871366703661,-0.03540569821252097,0.07747148723726976,0.42793424013728243,0.37269683087110106,0.052453141621233594,0.14239699104432454,0.3823374141363226,-0.36569992719949707,-0.537409724705334,0.6567133718677957
rear,12,0.0,camera_rear_optical_link,base_link,3,0.04655404061526492,0.008002350442809544,0.15633563869957953,-0.03150108534348221,0.8762038440774165,-0.475536556107695,-0.07169022981811567,-0.09483413398131463,0.04655461489643768,0.14318328071280348,0.7492339494875505,-0.6571850436199702,-0.018512353490916903,0.08008495580152304
rear,12,0.0,camera_rear_optical_link,base_link,5,-0.043669736679548446,0.007878451908944243,0.15632646637937733,0.03436849602090472,0.8771304608663268,-0.473728386401403,0.07100969665622617,-0.09478978453015502,-0.04366916243190193,0.14306725461830178,0.655601659807772,-0.7505490022199061,-0.08001884926751227,0.02143927904340639
front,19,0.0,camera_front_optical_link,base_link,12,0.04041172443723458,-0.005867482616783154,0.15267761994409187,0.8965888232853237,0.02759283858784647,-0.05137367215188524,0.43900781659115623,0.3690333544272112,-0.040412285253253896,0.1397014911007189,0.3648409750685666,-0.3709670802924956,-0.6435723563349947,0.5613279882668428
front,19,0.0,camera_front_optical_link,base_link,10,-0.052354566143697774,-0.006812241289765751,0.15701266467447167,0.8993270887933041,-0.03618373181376506,0.07756656501061593,0.4288180883627043,0.3725632864955396,0.052353989403531455,0.14238993224855856,0.38129938691076776,-0.3655176389281004,-0.5374097389120247,0.6574179840074413
rear,13,0.0,camera_rear_optical_link,base_link,3,0.046421749958405506,0.008080155353380268,0.1561089700008686,-0.031088559887180504,0.8757176707462744,-0.4764782497188668,-0.07155794946549471,-0.09507244683894611,0.0464223234072568,0.14315800098269524,0.7490055131200541,-0.6575491540052986,-0.01768820568127174,0.07941648923528331
rear,13,0.0,camera_rear_optical_link,base_link,5,-0.04356467402253015,0.007802825723764393,0.15602699937619152,0.035555554369903465,0.8763573047078309,-0.47490589154987367,0.0720976505157726,-0.09502923249419779,-0.04356410087515853,0.1428721528254035,0.6544666754637557,-0.7516565511802492,-0.07922070603027886,0.02024548125623075
front,20,0.0,camera_front_optical_link,base_link,12,0.04051249232283413,-0.005972508623207785,0.15244951634461257,0.8966132364818183,0.02698046470369825,-0.0494174885022085,0.43922052606874534,0.36878223611017813,-0.04051305230098288,0.13970027708605393,0.36515273368738893,-0.37052281439427026,-0.6423092244487765,0.5628633806546549
front,20,0.0,camera_front_optical_link,base_link,10,-0.05241122610393331,-0.006804684251452718,0.15665746685720797,0.8981880063244905,-0.03702032095234297,0.07821397316653922,0.43101087635108043,0.37224456125315686,0.05241065066848115,0.1422329715202435,0.379534029568251,-0.36425816482590767,-0.5375807384802448,0.6589968583934087
rear,14,0.0,camera_rear_optical_link,base_link,3,0.0465587320740022,0.008044644634023277,0.156324559102977,-0.031734567367568356,0.8765218133100031,-0.4750120541690759,-0.0711756729494874,-0.09486204993224398,0.046559306314628554,0.14321692972668876,0.7491680509683766,-0.6572316514774864,-0.019341526609453222,0.08012298704389105
rear,14,0.0,camera_rear_optical_link,base_link,5,-0.04366614738582403,0.007941222754090888,0.1563665874415812,0.0339829410746048,0.876593851236999,-0.4746033899674935,0.07197223020561092,-0.09477995086459964,-0.04366557299058016,0.14314110024508478,0.6554783219111721,-0.7506971828848414,-0.08001366189681257,0.01999307437937959
front,21,0.0,camera_front_optical_link,base_link,12,0.04041180709281675,-0.005967541308200287,0.1526496923777932,0.8967600181292533,0.027715593070929606,-0.050941860650675075,0.43870062983656083,0.3689657571403253,-0.04041236780625374,0.13978037264171606,0.3652970440182343,-0.3709486209389202,-0.6432433222499044,0.5614207144699591
front,21,0.0,camera_front_optical_link,base_link,10,-0.05260010402379155,-0.006911309024284452,0.15709678155827944,0.8995917162687048,-0.03873370280297828,0.07835890505316155,0.42789522816545444,0.3725976557656189,0.052599526974643665,0.1425152676831797,0.3805881361993825,-0.36724576144676313,-0.535518583834747,0.6584094984516052
rear,15,0.0,camera_rear_optical_link,base_link,3,0.04655404061526492,0.008002350442809544,0.15633563869957953,-0.03150108534348221,0.8762038440774165,-0.475536556107695,-0.07169022981811567,-0.09483413398131463,0.04655461489643768,0.14318328071280348,0.7492339494875505,-0.6571850436199702,-0.018512353490916903,0.08008495580152304
rear,15,0.0,camera_rear_optical_link,base_link,5,-0.043533248192981676,0.007859943070888371,0.15612140124845925,0.03314727587106014,0.876733553995134,-0.4743793653910893,0.07213702996753284,-0.09496781458878178,-0.04353267469864856,0.14296381483453063,0.6559122750996769,-0.7502596314697917,-0.08061611399923913,0.019763980470545606
front,22,0.0,camera_front_optical_link,base_link,12,0.04030345523139119,-0.005877938110044851,0.15211513274868688,0.896030706067334,0.0269017571058557,-0.04983754749556299,0.44036517585830953,0.368519148670144,-0.04030401398128054,0.13947325185270898,0.36416391542171794,-0.3699470555547867,-0.6429911414171714,0.5631040852720836
front,22,0.0,camera_front_optical_link,base_link,10,-0.05216683745305767,-0.006762966980760972,0.15625639622665494,0.8980605598086052,-0.03731706024239973,0.07766944477985259,0.431349191814137,0.37189869665800745,0.0521662634908224,0.14202566405954525,0.3789456404640511,-0.36443747054512343,-0.5379460768545002,0.6589381989479852
rear,16,0.0,camera_rear_optical_link,base_link,3,0.046421749958405506,0.008080155353380268,0.1561089700008686,-0.031088559887180504,0.8757176707462744,-0.4764782497188668,-0.07155794946549471,-0.09507244683894611,0.0464223234072568,0.14315800098269524,0.7490055131200541,-0.6575491540052986,-0.01768820568127174,0.07941648923528331
rear,16,0.0,camera_rear_optical_link,base_link,5,-0.04344717120663873,0.007943941403199716,0.15596938661372467,0.03425658103987879,0.8764468184448969,-0.47494580667454506,0.07137185590652635,-0.09514108619153164,-0.04344659827038672,0.14297569830038218,0.6555856376989623,-0.7506746815638585,-0.07929158574785103,0.020195012538635513
front,23,0.0,camera_front_optical_link,base_link,12,0.04038921191540658,-0.006020388117094423,0.1522229451019273,0.8960881683520939,0.026468595975714115,-0.0493726462437666,0.44032686696288664,0.36855665828182893,-0.04038977106131416,0.13964791859003559,0.3641310454551362,-0.3700775725123231,-0.6425483052681792,0.5635448939136323
front,23,0.0,camera_front_optical_link,base_link,10,-0.052317638970918526,-0.006757272809084326,0.15667768131039303,0.8984398195458074,-0.03776830427056982,0.07875441660640947,0.4303221905874791,0.37228291826206183,0.0523170634612158,0.1421985448597159,0.3797051115122437,-0.3649107331570439,-0.5366592177108064,0.6592883050413447
rear,17,0.0,camera_rear_optical_link,base_link,3,0.0465587320740022,0.008044644634023277,0.156324559102977,-0.031734567367568356,0.8765218133100031,-0.4750120541690759,-0.0711756729494874,-0.09486204993224398,0.046559306314628554,0.14321692972668876,0.7491680509683766,-0.6572316514774864,-0.019341526609453222,0.08012298704389105
rear,17,0.0,camera_rear_optical_link,base_link,5,-0.04367094350316356,0.007983521671472418,0.1563547664468399,0.03421611981794181,0.8769135542563999,-0.4740752033100547,0.07144632329618224,-0.09480854071519149,-0.04367036915118932,0.14317444022643455,0.6555290553511511,-0.7506264252545591,-0.08004789305173075,0.02083175743828637
front,24,0.0,camera_front_optical_link,base_link,12,0.040503618641057004,-0.005913277132426985,0.15265749106192908,0.8963222046693484,0.026838839300064903,-0.050867796911880696,0.4396574227270998,0.3689957576915768,-0.04050417938313881,0.13973448820087425,0.3641777055113437,-0.3708187358691959,-0.6432703113132534,0.5622022505467359
front,24,0.0,camera_front_optical_link,base_link,10,-0.05227210184148733,-0.006704662345943172,0.1561776228386538,0.8974111271386882,-0.03916875568994371,0.07945017390767768,0.4322114613605365,0.37185194433355695,0.052271528168602956,0.14193953139245483,0.3778030018987949,-0.36415030685444216,-0.5364480889134045,0.6609711746174952
rear,18,0.0,camera_rear_optical_link,base_link,3,0.0465587320740022,0.008044644634023277,0.156324559102977,-0.031734567367568356,0.8765218133100031,-0.4750120541690759,-0.0711756729494874,-0.09486204993224398,0.046559306314628554,0.14321692972668876,0.7491680509683766,-0.6572316514774864,-0.019341526609453222,0.08012298704389105
rear,18,0.0,camera_rear_optical_link,base_link,5,-0.043584760654523165,0.007885922950408863,0.15626804398705255,0.03342102175263731,0.8762044378090609,-0.4754351559116575,0.07148587966847274,-0.09484589082036116,-0.04358418662144794,0.14304933499074965,0.6560819869963114,-0.7502610691902136,-0.07929311977912341,0.019425641616770708
front,25,0.0,camera_front_optical_link,base_link,12,0.04042622489280281,-0.005929686470790406,0.15231256986424307,0.8967252921299819,0.02753772137386118,-0.04945741228649113,0.43895260419076965,0.3686762177740107,-0.04042678436791905,0.1396035915089049,0.36563851265143643,-0.3703742715026134,-0.6424275446126686,0.5625106461196006
front,25,0.0,camera_front_optical_link,base_link,10,-0.05231024915701108,-0.006759632012008371,0.15651348383163421,0.898296790565033,-0.03758807864519478,0.07825442129683155,0.43072759135191463,0.37213310747352235,0.052309674250439385,0.1421312907563464,0.3793833079137542,-0.3647538930417735,-0.5372132977777782,0.659109077374915
rear,19,0.0,camera_rear_optical_link,base_link,3,0.04633157344929446,0.0080211791369252,0.15599155638087198,-0.03180988021166108,0.8752365057740182,-0.47730573604368287,-0.07161302131040737,-0.09515393464456165,0.04633214646665112,0.14305492910494733,0.7494840420532272,-0.6571254898459887,-0.017253119239857794,0.07849898839298124
rear,19,0.0,camera_rear_optical_link,base_link,5,-0.04345079836097384,0.007881338515207833,0.15592961446078915,0.03464209169813596,0.876981487093722,-0.4740727285905383,0.07041622529207142,-0.09515067462054194,-0.04345022557103697,0.14290215235078785,0.6557059534066182,-0.7505286711098859,-0.07929902091766493,0.02163519795718222
front,26,0.0,camera_front_optical_link,base_link,12,0.040507283445675966,-0.005969626148306364,0.1526077464616754,0.8967694995009455,0.02717614707107278,-0.04988764789970935,0.43883612474616274,0.36892685975743433,-0.04050784400503639,0.1397645350452198,0.3653300393992886,-0.370823978874369,-0.642494081494066,0.5623387717820927
front,26,0.0,camera_front_optical_link,base_link,10,-0.05238610090348892,-0.006753509659893094,0.15649938642561584,0.8981968157789336,-0.037134515028956205,0.07973074106364111,0.43070467474545865,0.3721229185091269,0.05238552604869946,0.14211978435808845,0.3801637825741884,-0.3638715922955372,-0.5364535417943818,0.6597655342888553
rear,20,0.0,camera_rear_optical_link,base_link,3,0.04653510122729754,0.008124227614028739,0.15655895504128325,-0.03045133017314367,0.8763496273377401,-0.4755212518411701,-0.07045272317729671,-0.09468324878537379,0.046535676329193025,0.1433881170427587,0.7482188744007863,-0.6583623749415853,-0.018916046417873703,0.07981029031154109
rear,20,0.0,camera_rear_optical_link,base_link,5,-0.04368044317767294,0.00784070688200005,0.1565157508587309,0.033339598719265263,0.877824384295464,-0.4725482462530148,0.07078825083817186,-0.0946022829131031,-0.04367986823488062,0.1431130417307982,0.6562648599177154,-0.749816733597291,-0.08124513015592978,0.022147877564576184
front,27,0.0,camera_front_optical_link,base_link,12,0.04042266961147527,-0.0059733127235694575,0.1523340565224032,0.8964496278091775,0.02732296076651903,-0.04999753902645564,0.43946759460401236,0.36867725425414555,-0.04042322916551702,0.13965221097702785,0.36494516938579885,-0.37034749906577225,-0.6428704547945141,0.5624725163330141
front,27,0.0,camera_front_optical_link,base_link,10,-0.052456274756323876,-0.006914471270110664,0.1568401704629412,0.8993537244996929,-0.03846386493673001,0.07778833439358579,0.42852349335238477,0.37236374980915377,0.05245569864976211,0.14240968582526092,0.38015165561396075,-0.36692098744644785,-0.5362456287880883,0.6582509652943598
rear,21,0.0,camera_rear_optical_link,base_link,3,0.04651787672057641,0.00810894761914851,0.15638984759942798,-0.030930347180833893,0.8760734456920328,-0.4758388842516675,-0.07152613236216572,-0.09483005422790003,0.04651845120125105,0.14330280030478648,0.7488683321874615,-0.6576248564765759,-0.018163536070534687,0.07997409048152364
rear,21,0.0,camera_rear_optical_link,base_link,5,-0.043681008955597386,0.00791141731879087,0.15665946881628023,0.0340733714031055,0.8775753829383479,-0.47300166622416445,0.07049735009915041,-0.09450191414847331,-0.04368043348464664,0.1432378653218271,0.655961552682526,-0.7501675812663441,-0.08042785776615853,0.02223513243673692
front,28,0.0,camera_front_optical_link,base_link,12,0.04059865554520418,-0.006015414946704267,0.15258613406949925,0.8965006280255999,0.026422430176302785,-0.04938227468385141,0.43948819105902254,0.36888792092055356,-0.04059921602517785,0.13979690001152795,0.36466446929753493,-0.3706733785456793,-0.6421930543919608,0.563213238622995
front,28,0.0,camera_front_optical_link,base_link,10,-0.05233379944302252,-0.006766704384240813,0.1566797027771332,0.8993059768045293,-0.03541777289715278,0.07706613211685952,0.4290164947029472,0.3722807644684899,0.05233322392589429,0.14220794711215679,0.38147807973613185,-0.36516300428862025,-0.5381094917692804,0.6569388326530482
rear,22,0.0,camera_rear_optical_link,base_link,3,0.04657561697336647,0.008059717115709856,0.1564917859478327,-0.03125603173781259,0.8767969845010667,-0.47469646115049385,-0.07009549358581242,-0.09471686118612488,0.04657619182830512,0.1433012636142985,0.748516480311069,-0.657971627261659,-0.020096657245974824,0.07995336633883231
rear,22,0.0,camera_rear_optical_link,base_link,5,-0.043546287364875265,0.00789321875831762,0.15605638844088618,0.034322049358498516,0.8771798024780839,-0.473814144505085,0.06984087284146057,-0.09504079908134627,-0.04354571410922843,0.14296649702448036,0.6561354335159701,-0.7501392411174257,-0.0793070480073849,0.022086284362411553
front,29,0.0,camera_front_optical_link,base_link,12,0.04041890692442807,-0.005917000293012842,0.15238385388906395,0.8960025831659716,0.026986810373578342,-0.050981799895456974,0.4402862013567837,0.368746184549815,-0.04041946666138504,0.1396222195903154,0.36379313517872197,-0.37034429973389127,-0.6436480665999504,0.5623315932913565
front,29,0.0,camera_front_optical_link,base_link,10,-0.05228943668621466,-0.006750702550970017,0.1565383803114961,0.8981474598008373,-0.03768055963531046,0.08081721357567519,0.4305576545234527,0.372159445040789,0.052288861688193355,0.14213371948602027,0.3802773461006153,-0.3638108764337682,-0.5354917183888671,0.6605145008007808
rear,23,0.0,camera_rear_optical_link,base_link,3,0.0465587320740022,0.008044644634023277,0.156324559102977,-0.031734567367568356,0.8765218133100031,-0.4750120541690759,-0.0711756729494874,-0.09486204993224398,0.046559306314628554,0.14321692972668876,0.7491680509683766,-0.6572316514774864,-0.019341526609453222,0.08012298704389105
rear,23,0.0,camera_rear_optical_link,base_link,5,-0.043669736679548446,0.007878451908944243,0.15632646637937733,0.03436849602090472,0.8771304608663268,-0.473728386401403,0.07100969665622617,-0.09478978453015502,-0.04366916243190193,0.14306725461830178,0.655601659807772,-0.7505490022199061,-0.08001884926751227,0.02143927904340639
front,30,0.0,camera_front_optical_link,base_link,12,0.04042334837708913,-0.0059643366528884245,0.15238247502124636,0.8957309375788575,0.02735220789279244,-0.05050342689302994,0.4408711240935958,0.36872492981495164,-0.04042390810898184,0.1396645382449916,0.36380856597626143,-0.36956041086595903,-0.643747228509193,0.5627236762653698
front,30,0.0,camera_front_optical_link,base_link,10,-0.05240610211683222,-0.006754517812886068,0.15665663522066958,0.8984573479258684,-0.036612634855860256,0.0787167381689654,0.43039236059549796,0.372265008587854,0.05240552668443554,0.1421871537320724,0.38036379406021237,-0.3642196395400499,-0.5371692660634023,0.6588752673597191
rear,24,0.0,camera_rear_optical_link,base_link,5,-0.04361915474182083,0.007877761605318225,0.15585974326839294,0.03367067936479866,0.8769052806280307,-0.47422016495605485,0.07084242589606715,-0.09521248708853117,-0.043618582208546836,0.14286938178181852,0.6561339157250191,-0.7501218442781105,-0.0798053817158897,0.020895081271454036
rear,24,0.0,camera_rear_optical_link,base_link,3,0.04657106710416349,0.008017334984381456,0.1565031674727782,-0.031021380633862165,0.8764792386348674,-0.47522248581696447,-0.07060741575470002,-0.0946886344307209,0.04657164200075727,0.1432676625008581,0.7485813923737298,-0.6579274293368335,-0.019267787971491507,0.07991338476575631
front,31,0.0,camera_front_optical_link,base_link,12,0.04041172443723458,-0.005867482616783154,0.15267761994409187,0.8965888232853237,0.02759283858784647,-0.05137367215188524,0.43900781659115623,0.3690333544272112,-0.040412285253253896,0.1397014911007189,0.3648409750685666,-0.3709670802924956,-0.6435723563349947,0.5613279882668428
front,31,0.0,camera_front_optical_link,base_link,10,-0.052290534213403767,-0.006758698602176659,0.15635646223153252,0.8980366365188367,-0.03810766294021024,0.07925751252272414,0.43104089388813266,0.3719911917171303,0.05228995988360476,0.14206408513915672,0.3791803699104728,-0.36440847223349926,-0.5365056862236197,0.6599926977540935
rear,25,0.0,camera_rear_optical_link,base_link,3,0.0465755808907721,0.008077202392419994,0.15665206863418202,-0.03142308523367027,0.8769609518099477,-0.4743027598622726,-0.07063264614906895,-0.09457898561735464,0.04657615633452447,0.143384849510378,0.7487683906930778,-0.6576161296768724,-0.02013687059215394,0.08050732594282556
rear,25,0.0,camera_rear_optical_link,base_link,5,-0.04366127180690557,0.007887466053835224,0.15637957017373053,0.03342687783607532,0.8769992512128133,-0.47376789580915407,0.07279380544293171,-0.09474546582108759,-0.04366069736416574,0.14309786697702337,0.6554221423899085,-0.7506020450381833,-0.08136717197912305,0.0199441363222108
rear,26,0.0,camera_rear_optical_link,base_link,3,0.0465181938668375,0.00809160380551844,0.15623127739712162,-0.030764261992207387,0.8759113150943669,-0.47622769487567995,-0.07099373850648913,-0.09496643754772593,0.04651876776498923,0.14322006634940457,0.7486180444860703,-0.6579772058895359,-0.018124467114240237,0.0794262153918719
rear,26,0.0,camera_rear_optical_link,base_link,5,-0.04343815301114431,0.007880142164007765,0.15579700263942786,0.03511940251030537,0.8758742934023631,-0.47586326967885967,0.07186792257172242,-0.09527035599714323,-0.043437580708322224,0.14284502348912398,0.6548897440058606,-0.7513848440943107,-0.07849495175941244,0.019462317683003463
rear,27,0.0,camera_rear_optical_link,base_link,3,0.046640949926271276,0.008094381015038128,0.15626190977067686,-0.032451786908398055,0.8760284183605002,-0.47591733068691805,-0.07087867170800577,-0.09493984934893107,0.046641523936951104,0.14323552905486533,0.7495326336862462,-0.65696645638541,-0.01906380963992703,0.07894604097590506
rear,27,0.0,camera_rear_optical_link,base_link,5,-0.04354110010141184,0.007779154201995338,0.1556641602058761,0.03270836564845992,0.8752222830011832,-0.4773969382220411,0.07076921315815472,-0.09534807193340172,-0.043540528286907736,0.14269735557340504,0.6569388822026508,-0.7497233880406723,-0.07759339024910261,0.01803918692174463
rear,28,0.0,camera_rear_optical_link,base_link,3,0.04641966614869306,0.008143457042338919,0.15615208409971348,-0.03070279825999841,0.8751825734365977,-0.4773394188922888,-0.07252503363303073,-0.09506012489225471,0.04642023975613768,0.14323359264648755,0.7491509448470542,-0.6574198535672465,-0.016248033809572245,0.07942291462612903
rear,28,0.0,camera_rear_optical_link,base_link,5,-0.043762266834494405,0.007953177775570053,0.15649472609201961,0.03366079205209904,0.8767941004164341,-0.47434326686323525,0.07139693085052708,-0.09466887011681915,-0.04376169196852758,0.14320608943063373,0.655909606744806,-0.7503070852438226,-0.08002417355989046,0.020444981263131896
rear,29,0.0,camera_rear_optical_link,base_link,3,0.0465181938668375,0.00809160380551844,0.15623127739712162,-0.030764261992207387,0.8759113150943669,-0.47622769487567995,-0.07099373850648913,-0.09496643754772593,0.04651876776498923,0.14322006634940457,0.7486180444860703,-0.6579772058895359,-0.018124467114240237,0.0794262153918719
rear,29,0.0,camera_rear_optical_link,base_link,5,-0.04376069026129722,0.00804350652346347,0.15647865731603838,0.033498552187940775,0.8774017205205649,-0.4732298415093564,0.07139737343834059,-0.0947216082095512,-0.04376011545403127,0.1432811639404064,0.6559455373081504,-0.7501498442310975,-0.08098093873095796,0.021277942753824924
rear,30,0.0,camera_rear_optical_link,base_link,3,0.04642124753768211,0.008097449228992096,0.15626704560064522,-0.03125509058207252,0.8758786347319225,-0.4760909990464927,-0.07209089512388091,-0.09493649067505497,0.046421821567239355,0.1432404806496539,0.7492561730896135,-0.6571962261972407,-0.017725741288685037,0.0799631506068837
rear,30,0.0,camera_rear_optical_link,base_link,5,-0.04363694645055834,0.007862824990345511,0.15619522862107849,0.033768575245706464,0.8770604178729019,-0.47408111287352467,0.06979831762360841,-0.09490212198643058,-0.04363637268503113,0.14299762791851567,0.6565119070072591,-0.7498232294245731,-0.07928738120897587,0.021696814374894662
rear,31,0.0,camera_rear_optical_link,base_link,3,0.0465587320740022,0.008044644634023277,0.156324559102977,-0.031734567367568356,0.8765218133100031,-0.4750120541690759,-0.0711756729494874,-0.09486204993224398,0.046559306314628554,0.14321692972668876,0.7491680509683766,-0.6572316514774864,-0.019341526609453222,0.08012298704389105
rear,31,0.0,camera_rear_optical_link,base_link,5,-0.043546287364875265,0.00789321875831762,0.15605638844088618,0.034322049358498516,0.8771798024780839,-0.473814144505085,0.06984087284146057,-0.09504079908134627,-0.04354571410922843,0.14296649702448036,0.6561354335159701,-0.7501392411174257,-0.0793070480073849,0.022086284362411553
front,32,0.0,camera_front_optical_link,base_link,12,0.04042266961147527,-0.0059733127235694575,0.1523340565224032,0.8964496278091775,0.02732296076651903,-0.04999753902645564,0.43946759460401236,0.36867725425414555,-0.04042322916551702,0.13965221097702785,0.36494516938579885,-0.37034749906577225,-0.6428704547945141,0.5624725163330141
front,32,0.0,camera_front_optical_link,base_link,10,-0.05239855669383173,-0.00675691000918761,0.15649203425729188,0.8983137643515707,-0.036433456554856844,0.07821095361302871,0.4307992928904558,0.37211481817338,0.05239798186604817,0.14211975901216128,0.3800382537474014,-0.3640647108954481,-0.5377271033823988,0.6586936877314171
rear,32,0.0,camera_rear_optical_link,base_link,3,0.04655065069658115,0.008035302181346803,0.15614457280405425,-0.03317397026615489,0.8755461468047903,-0.4767464857921062,-0.07093109894074809,-0.09502122431446683,0.046551224276047555,0.14313239657000285,0.7500106466320952,-0.6565432563851931,-0.018629212627637053,0.07802521945183742
rear,32,0.0,camera_rear_optical_link,base_link,5,-0.04357373360124187,0.007866505380065007,0.15619821522884392,0.0346895715402772,0.8769308321539881,-0.47398848142380745,0.07158120368936823,-0.09490097082625432,-0.04357315982473151,0.14300222558489406,0.6551728153372101,-0.7509373782039246,-0.080006736313604,0.020989478406463036
front,33,0.0,camera_front_optical_link,base_link,12,0.040508862739243076,-0.0059161912827000755,0.15249958336169134,0.896167143093494,0.026643541809600657,-0.05039994712757124,0.4400391103629578,0.3688514128671496,-0.04050942290129752,0.13967039520741642,0.3640014993418748,-0.3705199668631709,-0.6430858159788627,0.5627241739248302
front,33,0.0,camera_front_optical_link,base_link,10,-0.052335338423303054,-0.00681132491866073,0.15685602083666728,0.89906660351767,-0.03670514620411222,0.07857093166589206,0.42913702168245665,0.3724217059095022,0.05233476225852182,0.14232290172236528,0.38109350524409574,-0.3651704881145563,-0.5367039036032573,0.658306292486993
rear,33,0.0,camera_rear_optical_link,base_link,3,0.04641700590920088,0.008038028476136187,0.15612008133365052,-0.030855520128237033,0.8753995760702509,-0.47699947622119293,-0.072076478676116,-0.0950445728355889,0.04641757939871574,0.14312451701899337,0.7490718653467859,-0.657499453955241,-0.016858737314918642,0.07938256465114296
rear,33,0.0,camera_rear_optical_link,base_link,5,-0.04368505000477109,0.007894351951549727,0.15650149675374853,0.03389608229638242,0.8774157343846691,-0.4733902742986057,0.06995950870796261,-0.09463787303328791,-0.04368447511414513,0.1431556365175734,0.6563240558999223,-0.7499099434534237,-0.07988205492653912,0.022196118072147317
rear,34,0.0,camera_rear_optical_link,base_link,3,0.046539613494520175,0.008149001069734178,0.15638683880877666,-0.030519728168417273,0.8765031369871835,-0.47538908201625596,-0.06939753413410366,-0.09484970862799522,0.04654018796428601,0.14333782938921852,0.7479001042657744,-0.6587638140956578,-0.019708459082990137,0.07929216807452814
rear,34,0.0,camera_rear_optical_link,base_link,5,-0.04353795200842627,0.007913682493018756,0.15610843827956655,0.03370313759029173,0.8763274224935412,-0.4752127117355251,0.07132479027214254,-0.09500227441919618,-0.04353737856151658,0.14300704079542323,0.6559637757098582,-0.7503569437041044,-0.07926925087018988,0.01980827751172172
front,34,0.0,camera_front_optical_link,base_link,12,0.040421139615053704,-0.005917600707104548,0.15247376972743074,0.8962123688035553,0.02803323661681527,-0.0496852239321505,0.43994193499951567,0.36882742237455624,-0.04042169968228998,0.13966076349829923,0.365165704397325,-0.36948354711183595,-0.6431467938560214,0.5625816547830025
front,34,0.0,camera_front_optical_link,base_link,10,-0.05240610211683222,-0.006754517812886068,0.15665663522066958,0.8984573479258684,-0.036612634855860256,0.0787167381689654,0.43039236059549796,0.372265008587854,0.05240552668443554,0.1421871537320724,0.38036379406021237,-0.3642196395400499,-0.5371692660634023,0.6588752673597191
rear,35,0.0,camera_rear_optical_link,base_link,3,0.04665088488944972,0.008013832901875967,0.15645909737493136,-0.031176378877015992,0.8763978348316952,-0.47528437442281846,-0.07113108977053377,-0.09472709565190177,0.04665145962415193,0.14324586345466317,0.7488477522690764,-0.6576110010867933,-0.018946537365575947,0.08009896312083074
rear,35,0.0,camera_rear_optical_link,base_link,5,-0.04352320533921884,0.008014050829647346,0.1559572600843667,0.03434384214591983,0.8750971098729863,-0.47725241286465747,0.07249609102196768,-0.09518170602673792,-0.043522632447258826,0.1430341141085465,0.6551778921270405,-0.7512252673446344,-0.07804051685948003,0.017669326508284754
front,35,0.0,camera_front_optical_link,base_link,12,0.04051249232283413,-0.005972508623207785,0.15244951634461257,0.8966132364818183,0.02698046470369825,-0.0494174885022085,0.43922052606874534,0.36878223611017813,-0.04051305230098288,0.13970027708605393,0.36515273368738893,-0.37052281439427026,-0.6423092244487765,0.5628633806546549
front,35,0.0,camera_front_optical_link,base_link,10,-0.052557834889989,-0.006819524197106593,0.1569436785350159,0.9001105391082653,-0.03788913436304911,0.0771607044761655,0.42709677658370193,0.37249768651730036,0.052557258403221445,0.1423673785788972,0.3812493394895933,-0.3678100848436022,-0.5362749716257146,0.6570949987893153
front,36,0.0,camera_front_optical_link,base_link,12,0.040507283445675966,-0.005969626148306364,0.1526077464616754,0.8967694995009455,0.02717614707107278,-0.04988764789970935,0.43883612474616274,0.36892685975743433,-0.04050784400503639,0.1397645350452198,0.3653300393992886,-0.370823978874369,-0.642494081494066,0.5623387717820927
front,36,0.0,camera_front_optical_link,base_link,10,-0.052450399565937326,-0.006814951061536052,0.15697008912822227,0.8993698877621736,-0.035636089077549754,0.0764747231538272,0.4289702680378416,0.3725235550045015,0.05244982298215904,0.14237439523961376,0.3811788658778184,-0.36557357106260646,-0.5383759573126422,0.6566657939441721
rear,36,0.0,camera_rear_optical_link,base_link,3,0.046655561460011236,0.008056161190790768,0.15644768840575168,-0.03141015147304,0.8767157197825783,-0.47475987252805085,-0.07061170234249554,-0.09475532452566032,0.04665613615295731,0.14327940417166612,0.7487801415356979,-0.6576592206761211,-0.019778669630229357,0.08013397113032393
rear,36,0.0,camera_rear_optical_link,base_link,5,-0.04354457642439191,0.007938526494994212,0.15633581353794782,0.03228786375278435,0.8764829331438537,-0.4749131570483344,0.07206007926870961,-0.09480670235738636,-0.04354400214219736,0.14312565071180217,0.6565073763605432,-0.7497712080397887,-0.08048318442074053,0.019069803466439914
front,37,0.0,camera_front_optical_link,base_link,12,0.04041349695892228,-0.005914091948815387,0.15254129088674145,0.8961566125683641,0.027182519711851923,-0.0514504267251307,0.4399060012797185,0.36889010031887304,-0.04041405727417763,0.13968611892033478,0.36396811101852994,-0.3706419376253629,-0.6438336767886194,0.5618095450130475
front,37,0.0,camera_front_optical_link,base_link,10,-0.052739459427111425,-0.006870986234626995,0.15753519070073915,0.9012387836234205,-0.03656680698679635,0.07650377548209625,0.42494552104564276,0.373012031589415,0.052738880767596454,0.14266400109918112,0.38327851545215813,-0.3687612553891586,-0.5363148466080802,0.6553465506313079
front,38,0.0,camera_front_optical_link,base_link,12,0.040380147617758974,-0.005961253601080052,0.15242968658572537,0.8957964227035887,0.026325809582763225,-0.05081592707472795,0.4407646337636467,0.3687690211896867,-0.040380707523069694,0.1396816964117506,0.3631572385943478,-0.3703707600838416,-0.6435050077452673,0.5628886436394045
front,38,0.0,camera_front_optical_link,base_link,10,-0.052459041674032515,-0.006907037510377097,0.15674236374144013,0.8985406860559957,-0.03706372355340243,0.07733434071648598,0.43043038420204965,0.37227824827603667,0.052458465926734976,0.14236161398942182,0.3796048181928865,-0.3650491194088622,-0.5378766387851034,0.658276570958438
front,39,0.0,camera_front_optical_link,base_link,12,0.04050883850329402,-0.006016165897878008,0.1524707194369899,0.8963372439127357,0.0267654505154956,-0.04995960809450169,0.43973536745714176,0.3687830024819806,-0.0405093985593267,0.1397488048307099,0.3644583429114864,-0.37049681118789335,-0.6427530131730209,0.5628239451540934
front,39,0.0,camera_front_optical_link,base_link,10,-0.0524350993460792,-0.00681195790219255,0.1568238911844599,0.8991965475134107,-0.03484575630490493,0.07701158371727658,0.4293024087759799,0.37239231932538175,0.05243452329931608,0.14230989709451036,0.3816246005927969,-0.3646687097469832,-0.5384882822948139,0.6568179094581997
rear,37,0.0,camera_rear_optical_link,base_link,3,0.0465181938668375,0.00809160380551844,0.15623127739712162,-0.030764261992207387,0.8759113150943669,-0.47622769487567995,-0.07099373850648913,-0.09496643754772593,0.04651876776498923,0.14322006634940457,0.7486180444860703,-0.6579772058895359,-0.018124467114240237,0.0794262153918719
rear,37,0.0,camera_rear_optical_link,base_link,5,-0.043522310044542115,0.00789765345006564,0.1559319423560372,0.03417468609180682,0.8760409209552574,-0.4755505126455913,0.07236093949712237,-0.09515545963539443,-0.04352173724599559,0.1429179226095031,0.6552463787020494,-0.7509893021884101,-0.07939772070093595,0.01905920103025262
front,40,0.0,camera_front_optical_link,base_link,12,0.040417294216007565,-0.005970436015824378,0.15249181590918792,0.8966048578216222,0.02751905867903607,-0.05046848651736249,0.43908468683015484,0.36882144883736173,-0.040417854349531906,0.1397162752257694,0.3651212400028702,-0.3706475316511523,-0.6430564379431206,0.5619477778224418
front,40,0.0,camera_front_optical_link,base_link,10,-0.05228067643661422,-0.0068054987855997425,0.15621332692587425,0.8975978341034764,-0.03772695691038689,0.07929814694403639,0.4319798708577426,0.37184168835797443,0.05228010263257999,0.14204600949640492,0.37880441805293225,-0.36354756021891355,-0.537019355383902,0.6602655498097055
front,41,0.0,camera_front_optical_link,base_link,12,0.04050883850329402,-0.006016165897878008,0.1524707194369899,0.8963372439127357,0.0267654505154956,-0.04995960809450169,0.43973536745714176,0.3687830024819806,-0.0405093985593267,0.1397488048307099,0.3644583429114864,-0.37049681118789335,-0.6427530131730209,0.5628239451540934
front,41,0.0,camera_front_optical_link,base_link,10,-0.05220667304393051,-0.006759257622341856,0.1563895538654323,0.898107787598954,-0.03795367943966491,0.07883839384222988,0.43098309447991207,0.37202094644907724,0.05220609859257971,0.14207857666349,0.37917735648339046,-0.3645402686645971,-0.5368066999526371,0.6596768085495891
rear,38,0.0,camera_rear_optical_link,base_link,3,0.046655561460011236,0.008056161190790768,0.15644768840575168,-0.03141015147304,0.8767157197825783,-0.47475987252805085,-0.07061170234249554,-0.09475532452566032,0.04665613615295731,0.14327940417166612,0.7487801415356979,-0.6576592206761211,-0.019778669630229357,0.08013397113032393
rear,38,0.0,camera_rear_optical_link,base_link,5,-0.04352728568610304,0.00793973696564074,0.15592026625592706,0.03440624411818512,0.8763598419608565,-0.47502663466364264,0.07182850495560025,-0.09518382713306917,-0.043526712930294684,0.14295112860666193,0.6553017293219637,-0.7509162685908932,-0.07942580807113414,0.019898294535479113
front,42,0.0,camera_front_optical_link,base_link,12,0.040516462917247274,-0.005964338863831735,0.15298945057506033,0.8971827485846929,0.0253042165534121,-0.049687014020264854,0.4381255675082015,0.3692750362640824,-0.040517024878685054,0.13992105686487388,0.3648063159788444,-0.3723805195477966,-0.6413964833391146,0.5629028794059184
front,42,0.0,camera_front_optical_link,base_link,10,-0.05232587864334827,-0.006863140162070038,0.15663228582420904,0.8987441289807127,-0.037178774345724565,0.07673874316492407,0.4301021909480555,0.37219703483616906,0.05232530330039099,0.14227530865979848,0.37955593636398177,-0.365590033609995,-0.5380696923708446,0.6578466573965759
rear,39,0.0,camera_rear_optical_link,base_link,3,0.04655404061526492,0.008002350442809544,0.15633563869957953,-0.03150108534348221,0.8762038440774165,-0.475536556107695,-0.07169022981811567,-0.09483413398131463,0.04655461489643768,0.14318328071280348,0.7492339494875505,-0.6571850436199702,-0.018512353490916903,0.08008495580152304
rear,39,0.0,camera_rear_optical_link,base_link,5,-0.043669736679548446,0.007878451908944243,0.15632646637937733,0.03436849602090472,0.8771304608663268,-0.473728386401403,0.07100969665622617,-0.09478978453015502,-0.04366916243190193,0.14306725461830178,0.655601659807772,-0.7505490022199061,-0.08001884926751227,0.02143927904340639
front,43,0.0,camera_front_optical_link,base_link,12,0.0404145779044129,-0.005969788102617692,0.15240043383210314,0.8963926412308126,0.026474081671761157,-0.05176701748545625,0.4394309179467747,0.36873890222201444,-0.04041513770227213,0.13967706861567736,0.36374659608957416,-0.3715059665451913,-0.6435596753177587,0.5616962479485438
front,43,0.0,camera_front_optical_link,base_link,10,-0.05223381862645816,-0.0069059148703598085,0.15675215184644714,0.8983086953646323,-0.037279012564024,0.07920014399961717,0.4305567328993749,0.37228759302265113,0.05223324284320844,0.142364732777075,0.37999894742004686,-0.36428228359266046,-0.5366693520490209,0.659458281009085
front,44,0.0,camera_front_optical_link,base_link,12,0.04030248766019969,-0.006022089937058255,0.15224258388157833,0.8960836159211942,0.02758483174856974,-0.049391971011210165,0.4402654466735137,0.36857373816850175,-0.040303046878245145,0.13965776073618452,0.36481001079335695,-0.36943984959549314,-0.6429455607705361,0.5630709186605812
front,44,0.0,camera_front_optical_link,base_link,10,-0.05230026284502576,-0.006806540423141056,0.1563695977297299,0.8978568986944383,-0.03720631556130599,0.0782937993659345,0.4316697354807313,0.3719828779215739,0.05229968846697667,0.14211299590370136,0.3790056561148422,-0.36389097494316625,-0.5377295926633547,0.6593822534478558
front,45,0.0,camera_front_optical_link,base_link,12,0.04050883850329402,-0.006016165897878008,0.1524707194369899,0.8963372439127357,0.0267654505154956,-0.04995960809450169,0.43973536745714176,0.3687830024819806,-0.0405093985593267,0.1397488048307099,0.3644583429114864,-0.37049681118789335,-0.6427530131730209,0.5628239451540934
front,45,0.0,camera_front_optical_link,base_link,10,-0.052403207512532544,-0.006799182840377387,0.15667586815209744,0.8981589609563249,-0.03641070305964513,0.07925814793030116,0.430932578883537,0.3722635634712224,0.052402632009488775,0.14223576218361159,0.38030672558224526,-0.36351032356618307,-0.5371319095600188,0.6593302289976756
front,46,0.0,camera_front_optical_link,base_link,12,0.04049902716504133,-0.0058657488420061285,0.1526587677071272,0.8965943987421607,0.026472631474144123,-0.05135282936410329,0.43906784309867053,0.36901700089427125,-0.0404995879118119,0.1396919523971834,0.3641613577283408,-0.37160773448441076,-0.6431722441838276,0.5618039351235925
front,46,0.0,camera_front_optical_link,base_link,10,-0.05239634304917072,-0.006711197079219464,0.15656487878610567,0.8987595227947872,-0.038373452188700516,0.07784672385043681,0.42976585013069823,0.3722001568062873,0.05239576795381489,0.14210911411229363,0.37940139040411813,-0.3660185125767471,-0.5367603038198957,0.6587665820711467
front,47,0.0,camera_front_optical_link,base_link,12,0.040413535433853696,-0.0060140847574306254,0.15251257785443817,0.8963279584907489,0.027304425167879856,-0.05100960958433635,0.4396005902226608,0.36882181899989175,-0.04041409564364153,0.13976460880175334,0.36442651061319575,-0.37061997856241036,-0.6435000658417309,0.5619090808256944
front,47,0.0,camera_front_optical_link,base_link,10,-0.05224043827480133,-0.006858987260306652,0.1567427438933844,0.8986952727606944,-0.03616914243011028,0.0781974945343272,0.43002761737126294,0.3722988988231701,0.052239862526109536,0.14231822591109555,0.38071146879324086,-0.36443289869167894,-0.5375202946167894,0.6582699846989485
rear,40,0.0,camera_rear_optical_link,base_link,3,0.0465587320740022,0.008044644634023277,0.156324559102977,-0.031734567367568356,0.8765218133100031,-0.4750120541690759,-0.0711756729494874,-0.09486204993224398,0.046559306314628554,0.14321692972668876,0.7491680509683766,-0.6572316514774864,-0.019341526609453222,0.08012298704389105
rear,40,0.0,camera_rear_optical_link,base_link,5,-0.043618292422011526,0.007993785598559709,0.15628115098655743,0.03236721622611318,0.8759551859989869,-0.47577329079510433,0.07276435391900024,-0.09487959680503105,-0.04361771834040562,0.1431526309449502,0.656204537814374,-0.7500981611507589,-0.08015958289969739,0.01796648155372699
rear,41,0.0,camera_rear_optical_link,base_link,3,0.046440334420497754,0.008005565239496793,0.15629391515135402,-0.030773795037700103,0.875386815400614,-0.47726341226457214,-0.07050200192424383,-0.09487330656193921,0.046440908548423636,0.14316856121990412,0.7485176090286222,-0.6582390466779751,-0.017604405939851953,0.07831239553257423
rear,41,0.0,camera_rear_optical_link,base_link,5,-0.04353795200842627,0.007913682493018756,0.15610843827956655,0.03370313759029173,0.8763274224935412,-0.4752127117355251,0.07132479027214254,-0.09500227441919618,-0.04353737856151658,0.14300704079542323,0.6559637757098582,-0.7503569437041044,-0.07926925087018988,0.01980827751172172
front,48,0.0,camera_front_optical_link,base_link,12,0.04051090892977092,-0.005925880468590582,0.15258593935843034,0.8970455794267352,0.02739070908504439,-0.049338912644043526,0.4383202586989048,0.36892558332622316,-0.040511469409028764,0.13971567191443685,0.3660271153987158,-0.3708481796604284,-0.642045597732959,0.5623817465629274
front,48,0.0,camera_front_optical_link,base_link,10,-0.05228156026490945,-0.006810945754261179,0.15631919770298328,0.8984964028381499,-0.03781379764977819,0.07927191760984872,0.4301049800602918,0.37193533808023427,0.05228098607199006,0.14209568867837474,0.3799908639288785,-0.36485751995730087,-0.5362252736654856,0.6595061708153819
rear,42,0.0,camera_rear_optical_link,base_link,5,-0.04345695791282233,0.007847163003294159,0.1560134494558028,0.032821275508457384,0.8766636459898309,-0.4746795703993982,0.07115420661673637,-0.09506025111077604,-0.04345638481506451,0.14290660933150354,0.6565524568427038,-0.7497641773540902,-0.07994825277608739,0.02002065554383214
rear,42,0.0,camera_rear_optical_link,base_link,3,0.04665545784695205,0.008073595102517268,0.15660734759183284,-0.03157679936023262,0.8768792192559385,-0.47436640981936934,-0.07114948920647078,-0.09461799233099166,0.04665603312642141,0.14336268001094066,0.7490318626536232,-0.6573035356356156,-0.019818030572755923,0.08068814308670266
rear,43,0.0,camera_rear_optical_link,base_link,3,0.046544347380764135,0.008082854110831416,0.15613902546806002,-0.03277474680092438,0.8758350141785302,-0.4761677781079715,-0.07143592235526153,-0.09504634833801828,0.046544920940024145,0.143173148773872,0.7499167623895878,-0.6565419492787519,-0.018631346085621402,0.07893282756504393
rear,43,0.0,camera_rear_optical_link,base_link,5,-0.04353168245835181,0.007993428387453162,0.15590690877510058,0.034962806300146934,0.8759528339804996,-0.4758567288891273,0.07102540663797226,-0.09521862422722555,-0.043531109751416164,0.14299414433493396,0.6553475808738862,-0.751015713359057,-0.07808573691383373,0.01993901254214148
front,49,0.0,camera_front_optical_link,base_link,12,0.04030038149582834,-0.00591227437331623,0.1521830862076723,0.895035216184288,0.02671276212115355,-0.05086757947939236,0.4422791872649122,0.3685662245360368,-0.04030094049532516,0.13953308926532312,0.36233900060707624,-0.3691302347590424,-0.6442968510245611,0.5633248496077854
front,49,0.0,camera_front_optical_link,base_link,10,-0.0524001370692656,-0.006843809675808631,0.1566943838600103,0.8978600540669129,-0.03620857365909439,0.07979638636825939,0.431472825595195,0.37226148446806456,0.052399561498209256,0.14228403291188793,0.3802482492050629,-0.3628017737607645,-0.5370963388202014,0.6597830437033549
rear,44,0.0,camera_rear_optical_link,base_link,3,0.04642124753768211,0.008097449228992096,0.15626704560064522,-0.03125509058207252,0.8758786347319225,-0.4760909990464927,-0.07209089512388091,-0.09493649067505497,0.046421821567239355,0.1432404806496539,0.7492561730896135,-0.6571962261972407,-0.017725741288685037,0.0799631506068837
rear,44,0.0,camera_rear_optical_link,base_link,5,-0.04366445533726232,0.007765596347074328,0.15619523666879523,0.0334027856350616,0.8770606239825676,-0.47380472935309353,0.07181917720058711,-0.09486102370488805,-0.04366388157205309,0.1429095124239992,0.6558573918390725,-0.7502679831161537,-0.08079643785492494,0.02051757078270307
rear,45,0.0,camera_rear_optical_link,base_link,3,0.046440404932746315,0.008031883924258814,0.1562315826314554,-0.030995321401311053,0.8765236067350644,-0.47530461791793516,-0.06950666927187144,-0.09494092175878122,0.046440978831806194,0.1431660709603285,0.7482053132456867,-0.658418838821568,-0.019882214234029322,0.07923471128826302
rear,45,0.0,camera_rear_optical_link,base_link,5,-0.043449380628220825,0.007776500004593857,0.15590048542969856,0.03479429561722636,0.8771971790894539,-0.47372696882604975,0.06998017574205236,-0.09513276746320756,-0.0434488079456558,0.1427948259897172,0.655778118636801,-0.7504510418631609,-0.07926929483727561,0.0222412180348781
front,50,0.0,camera_front_optical_link,base_link,12,0.040418999411131085,-0.006016906285537725,0.15235488401822325,0.8961733961216171,0.02710803152088898,-0.05053488270234059,0.43998252731349496,0.3686777071452063,-0.04041955904167712,0.13970052224567678,0.36425246648544385,-0.3703194533985368,-0.6433113912075351,0.5624358603756572
front,50,0.0,camera_front_optical_link,base_link,10,-0.052337233886083884,-0.006758181178092115,0.15683487894528045,0.8987000693185124,-0.037247716071349676,0.07774723060898742,0.4300071641112529,0.37242500414266694,0.05233665779896186,0.14226580217686252,0.37990780454475176,-0.3652578230557293,-0.5373686609277387,0.6584008695280601
