trial,time_ms,phase,threshold,angle,fsr_raw,fsr_voltage
1,20,return_to_start,20,180,2,0.0016
1,20,press,20,180,1,0.0008
1,40,press,20,179,1,0.0008
1,60,press,20,178,2,0.0016
1,80,press,20,177,0,0.0000
1,100,press,20,176,1,0.0008
1,120,press,20,175,2,0.0016
1,140,press,20,174,1,0.0008
1,160,press,20,173,2,0.0016
1,180,press,20,172,2,0.0016
1,200,press,20,171,0,0.0000
1,220,press,20,170,0,0.0000
1,240,press,20,169,1,0.0008
1,260,press,20,168,0,0.0000
1,280,press,20,167,2,0.0016
1,300,press,20,166,1,0.0008
1,320,press,20,165,5,0.0040
1,340,press,20,164,1,0.0008
1,360,press,20,163,2,0.0016
1,380,press,20,162,0,0.0000
1,400,press,20,161,1,0.0008
1,420,press,20,160,0,0.0000
1,440,press,20,159,1,0.0008
1,460,press,20,158,1,0.0008
1,480,press,20,157,2,0.0016
1,500,press,20,156,3,0.0024
1,520,press,20,155,1,0.0008
1,540,press,20,154,0,0.0000
1,560,press,20,153,3,0.0024
1,580,press,20,152,0,0.0000
1,600,press,20,151,1,0.0008
1,620,press,20,150,1,0.0008
1,640,press,20,149,1,0.0008
1,660,press,20,148,2,0.0016
1,680,press,20,147,2,0.0016
1,700,press,20,146,5,0.0040
1,720,press,20,145,1,0.0008
1,740,press,20,144,1,0.0008
1,760,press,20,143,3,0.0024
1,780,press,20,142,0,0.0000
1,800,press,20,141,0,0.0000
1,820,press,20,140,4,0.0032
1,840,press,20,139,2,0.0016
1,860,press,20,138,0,0.0000
1,880,press,20,137,1,0.0008
1,900,press,20,136,0,0.0000
1,920,press,20,135,0,0.0000
1,940,press,20,134,0,0.0000
1,960,press,20,133,5,0.0040
1,980,press,20,132,1,0.0008
1,1000,press,20,131,0,0.0000
1,1020,press,20,130,0,0.0000
1,1040,press,20,129,2,0.0016
1,1060,press,20,128,1,0.0008
1,1080,press,20,127,0,0.0000
1,1100,press,20,126,1,0.0008
1,1120,press,20,125,2,0.0016
1,1140,press,20,124,3,0.0024
1,1160,press,20,123,1,0.0008
1,1180,press,20,122,2,0.0016
1,1200,press,20,121,0,0.0000
1,1220,press,20,120,0,0.0000
1,1240,press,20,119,0,0.0000
1,1260,press,20,118,1,0.0008
1,1280,press,20,117,1,0.0008
1,1300,press,20,116,2,0.0016
1,1320,press,20,115,1,0.0008
1,1340,press,20,114,1,0.0008
1,1360,press,20,113,2,0.0016
1,1380,press,20,112,2,0.0016
1,1400,press,20,111,3,0.0024
1,1420,press,20,110,2,0.0016
1,1440,press,20,109,0,0.0000
1,1460,press,20,108,3,0.0024
1,1480,press,20,107,0,0.0000
1,1500,press,20,106,1,0.0008
1,1520,press,20,105,2,0.0016
1,1540,press,20,104,1,0.0008
1,1560,press,20,103,1,0.0008
1,1580,press,20,102,2,0.0016
1,1600,press,20,101,1,0.0008
1,1620,press,20,100,0,0.0000
1,1640,press,20,99,1,0.0008
1,1660,press,20,98,1,0.0008
1,1680,press,20,97,0,0.0000
1,1700,press,20,96,2,0.0016
1,1720,press,20,95,2,0.0016
1,1740,press,20,94,0,0.0000
1,1760,press,20,93,3,0.0024
1,1780,press,20,92,1,0.0008
1,1800,press,20,91,1,0.0008
1,1820,press,20,90,3,0.0024
1,1840,press,20,89,1,0.0008
1,1860,press,20,88,0,0.0000
1,1880,press,20,87,2,0.0016
1,1900,press,20,86,2,0.0016
1,1920,press,20,85,2,0.0016
1,1940,press,20,84,2,0.0016
1,1960,press,20,83,1,0.0008
1,1980,press,20,82,0,0.0000
1,2000,press,20,81,0,0.0000
1,2020,press,20,80,1,0.0008
1,2040,press,20,79,0,0.0000
1,2060,press,20,78,1,0.0008
1,2080,press,20,77,2,0.0016
1,2100,press,20,76,0,0.0000
1,2120,press,20,75,2,0.0016
1,2140,press,20,74,1,0.0008
1,2160,press,20,73,2,0.0016
1,2180,press,20,72,0,0.0000
1,2200,press,20,71,0,0.0000
1,2220,press,20,70,0,0.0000
1,2240,press,20,69,1,0.0008
1,2260,press,20,68,1,0.0008
1,2280,press,20,67,3,0.0024
1,2300,press,20,66,2,0.0016
1,2320,press,20,65,2,0.0016
1,2340,press,20,64,0,0.0000
1,2360,press,20,63,2,0.0016
1,2380,press,20,62,0,0.0000
1,2400,press,20,61,2,0.0016
1,2420,press,20,60,2,0.0016
1,2440,press,20,59,0,0.0000
1,2460,press,20,58,0,0.0000
1,2480,press,20,57,2,0.0016
1,2500,press,20,56,1,0.0008
1,2520,press,20,55,2,0.0016
1,2540,press,20,54,0,0.0000
1,2560,press,20,53,2,0.0016
1,2580,press,20,52,0,0.0000
1,2600,press,20,51,2,0.0016
1,2620,press,20,50,1,0.0008
1,2640,press,20,49,2,0.0016
1,2660,press,20,48,2,0.0016
1,2680,press,20,47,1,0.0008
1,2700,press,20,46,0,0.0000
1,2720,press,20,45,2,0.0016
1,2740,press,20,44,1,0.0008
1,2760,press,20,43,2,0.0016
1,2780,press,20,42,1,0.0008
1,2800,press,20,41,1,0.0008
1,2820,press,20,40,3,0.0024
1,2840,press,20,39,2,0.0016
1,2860,press,20,38,2,0.0016
1,2880,press,20,37,1,0.0008
1,2900,press,20,36,2,0.0016
1,2920,press,20,35,1,0.0008
1,2940,press,20,34,7,0.0056
1,2960,press,20,33,2,0.0016
1,2980,press,20,32,2,0.0016
1,3000,press,20,31,2,0.0016
1,3020,press,20,30,0,0.0000
1,3040,press,20,29,2,0.0016
1,3060,press,20,28,20,0.0161
1,0,hold,20,28,4,0.0032
1,50,hold,20,28,23,0.0185
1,100,hold,20,28,2,0.0016
1,150,hold,20,28,1,0.0008
1,200,hold,20,28,2,0.0016
1,250,hold,20,28,2,0.0016
1,300,hold,20,28,2,0.0016
1,350,hold,20,28,1,0.0008
1,400,hold,20,28,2,0.0016
1,450,hold,20,28,1,0.0008
1,500,hold,20,28,18,0.0145
1,550,hold,20,28,1,0.0008
1,600,hold,20,28,0,0.0000
1,650,hold,20,28,0,0.0000
1,700,hold,20,28,1,0.0008
1,750,hold,20,28,2,0.0016
1,800,hold,20,28,22,0.0177
1,850,hold,20,28,23,0.0185
1,900,hold,20,28,24,0.0193
1,950,hold,20,28,21,0.0169
1,1000,hold,20,28,8,0.0064
1,1050,hold,20,28,7,0.0056
1,1100,hold,20,28,7,0.0056
1,1150,hold,20,28,3,0.0024
1,1200,hold,20,28,1,0.0008
1,1250,hold,20,28,2,0.0016
1,1300,hold,20,28,2,0.0016
1,1350,hold,20,28,2,0.0016
1,1400,hold,20,28,1,0.0008
1,1450,hold,20,28,1,0.0008
1,1500,hold,20,28,1,0.0008
1,1550,hold,20,28,2,0.0016
1,1600,hold,20,28,5,0.0040
1,1650,hold,20,28,17,0.0137
1,1700,hold,20,28,21,0.0169
1,1750,hold,20,28,22,0.0177
1,1800,hold,20,28,2,0.0016
1,1850,hold,20,28,0,0.0000
1,1900,hold,20,28,2,0.0016
1,1950,hold,20,28,2,0.0016
1,20,return,20,28,2,0.0016
1,40,return,20,29,0,0.0000
1,60,return,20,30,2,0.0016
1,80,return,20,31,1,0.0008
1,100,return,20,32,2,0.0016
1,120,return,20,33,1,0.0008
1,140,return,20,34,1,0.0008
1,160,return,20,35,1,0.0008
1,180,return,20,36,2,0.0016
1,200,return,20,37,1,0.0008
1,220,return,20,38,2,0.0016
1,240,return,20,39,1,0.0008
1,260,return,20,40,0,0.0000
1,280,return,20,41,2,0.0016
1,300,return,20,42,4,0.0032
1,320,return,20,43,0,0.0000
1,340,return,20,44,0,0.0000
1,360,return,20,45,0,0.0000
1,380,return,20,46,2,0.0016
1,400,return,20,47,2,0.0016
1,420,return,20,48,2,0.0016
1,440,return,20,49,1,0.0008
1,460,return,20,50,1,0.0008
1,480,return,20,51,1,0.0008
1,500,return,20,52,1,0.0008
1,520,return,20,53,2,0.0016
1,540,return,20,54,5,0.0040
1,560,return,20,55,1,0.0008
1,580,return,20,56,1,0.0008
1,600,return,20,57,1,0.0008
1,620,return,20,58,1,0.0008
1,640,return,20,59,0,0.0000
1,660,return,20,60,2,0.0016
1,680,return,20,61,2,0.0016
1,700,return,20,62,0,0.0000
1,720,return,20,63,3,0.0024
1,740,return,20,64,1,0.0008
1,760,return,20,65,2,0.0016
1,780,return,20,66,1,0.0008
1,800,return,20,67,2,0.0016
1,820,return,20,68,0,0.0000
1,840,return,20,69,1,0.0008
1,860,return,20,70,2,0.0016
1,880,return,20,71,0,0.0000
1,900,return,20,72,1,0.0008
1,920,return,20,73,2,0.0016
1,940,return,20,74,2,0.0016
1,960,return,20,75,1,0.0008
1,980,return,20,76,1,0.0008
1,1000,return,20,77,0,0.0000
1,1020,return,20,78,0,0.0000
1,1040,return,20,79,0,0.0000
1,1060,return,20,80,1,0.0008
1,1080,return,20,81,1,0.0008
1,1100,return,20,82,1,0.0008
1,1120,return,20,83,2,0.0016
1,1140,return,20,84,1,0.0008
1,1160,return,20,85,1,0.0008
1,1180,return,20,86,1,0.0008
1,1200,return,20,87,1,0.0008
1,1220,return,20,88,2,0.0016
1,1240,return,20,89,2,0.0016
1,1260,return,20,90,1,0.0008
1,1280,return,20,91,0,0.0000
1,1300,return,20,92,0,0.0000
1,1320,return,20,93,2,0.0016
1,1340,return,20,94,1,0.0008
1,1360,return,20,95,2,0.0016
1,1380,return,20,96,2,0.0016
1,1400,return,20,97,1,0.0008
1,1420,return,20,98,0,0.0000
1,1440,return,20,99,2,0.0016
1,1460,return,20,100,1,0.0008
1,1480,return,20,101,0,0.0000
1,1500,return,20,102,2,0.0016
1,1520,return,20,103,2,0.0016
1,1540,return,20,104,0,0.0000
1,1560,return,20,105,2,0.0016
1,1580,return,20,106,0,0.0000
1,1600,return,20,107,0,0.0000
1,1620,return,20,108,1,0.0008
1,1640,return,20,109,2,0.0016
1,1660,return,20,110,0,0.0000
1,1680,return,20,111,2,0.0016
1,1700,return,20,112,1,0.0008
1,1720,return,20,113,1,0.0008
1,1740,return,20,114,0,0.0000
1,1760,return,20,115,0,0.0000
1,1780,return,20,116,5,0.0040
1,1800,return,20,117,2,0.0016
1,1820,return,20,118,2,0.0016
1,1840,return,20,119,2,0.0016
1,1860,return,20,120,2,0.0016
1,1880,return,20,121,1,0.0008
1,1900,return,20,122,0,0.0000
1,1920,return,20,123,1,0.0008
1,1940,return,20,124,3,0.0024
1,1960,return,20,125,1,0.0008
1,1980,return,20,126,1,0.0008
1,2000,return,20,127,1,0.0008
1,2020,return,20,128,1,0.0008
1,2040,return,20,129,1,0.0008
1,2060,return,20,130,3,0.0024
1,2080,return,20,131,2,0.0016
1,2100,return,20,132,0,0.0000
1,2120,return,20,133,2,0.0016
1,2140,return,20,134,1,0.0008
1,2160,return,20,135,1,0.0008
1,2180,return,20,136,1,0.0008
1,2200,return,20,137,3,0.0024
1,2220,return,20,138,1,0.0008
1,2240,return,20,139,0,0.0000
1,2260,return,20,140,1,0.0008
1,2280,return,20,141,2,0.0016
1,2300,return,20,142,0,0.0000
1,2320,return,20,143,3,0.0024
1,2340,return,20,144,2,0.0016
1,2360,return,20,145,1,0.0008
1,2380,return,20,146,2,0.0016
1,2400,return,20,147,2,0.0016
1,2420,return,20,148,1,0.0008
1,2440,return,20,149,5,0.0040
1,2460,return,20,150,1,0.0008
1,2480,return,20,151,3,0.0024
1,2500,return,20,152,1,0.0008
1,2520,return,20,153,2,0.0016
1,2540,return,20,154,1,0.0008
1,2560,return,20,155,0,0.0000
1,2580,return,20,156,1,0.0008
1,2600,return,20,157,1,0.0008
1,2620,return,20,158,1,0.0008
1,2640,return,20,159,3,0.0024
1,2660,return,20,160,6,0.0048
1,2680,return,20,161,3,0.0024
1,2700,return,20,162,0,0.0000
1,2720,return,20,163,2,0.0016
1,2740,return,20,164,2,0.0016
1,2760,return,20,165,1,0.0008
1,2780,return,20,166,2,0.0016
1,2800,return,20,167,2,0.0016
1,2820,return,20,168,1,0.0008
1,2840,return,20,169,2,0.0016
1,2860,return,20,170,0,0.0000
1,2880,return,20,171,1,0.0008
1,2900,return,20,172,2,0.0016
1,2920,return,20,173,1,0.0008
1,2940,return,20,174,1,0.0008
1,2960,return,20,175,2,0.0016
1,2980,return,20,176,2,0.0016
1,3000,return,20,177,0,0.0000
1,3020,return,20,178,5,0.0040
1,3040,return,20,179,1,0.0008
1,3060,return,20,180,1,0.0008
2,20,return_to_start,25,180,0,0.0000
2,20,press,25,180,2,0.0016
2,40,press,25,179,0,0.0000
2,60,press,25,178,3,0.0024
2,80,press,25,177,3,0.0024
2,100,press,25,176,2,0.0016
2,120,press,25,175,3,0.0024
2,140,press,25,174,3,0.0024
2,160,press,25,173,1,0.0008
2,180,press,25,172,1,0.0008
2,200,press,25,171,1,0.0008
2,220,press,25,170,1,0.0008
2,240,press,25,169,1,0.0008
2,260,press,25,168,1,0.0008
2,280,press,25,167,1,0.0008
2,300,press,25,166,1,0.0008
2,320,press,25,165,2,0.0016
2,340,press,25,164,0,0.0000
2,360,press,25,163,1,0.0008
2,380,press,25,162,1,0.0008
2,400,press,25,161,3,0.0024
2,420,press,25,160,0,0.0000
2,440,press,25,159,2,0.0016
2,460,press,25,158,2,0.0016
2,480,press,25,157,0,0.0000
2,500,press,25,156,3,0.0024
2,520,press,25,155,2,0.0016
2,540,press,25,154,1,0.0008
2,560,press,25,153,2,0.0016
2,580,press,25,152,42,0.0338
2,0,hold,25,152,2,0.0016
2,50,hold,25,152,0,0.0000
2,100,hold,25,152,136,0.1096
2,150,hold,25,152,0,0.0000
2,200,hold,25,152,1,0.0008
2,250,hold,25,152,0,0.0000
2,300,hold,25,152,1,0.0008
2,350,hold,25,152,0,0.0000
2,400,hold,25,152,1,0.0008
2,450,hold,25,152,0,0.0000
2,500,hold,25,152,1,0.0008
2,550,hold,25,152,1,0.0008
2,600,hold,25,152,2,0.0016
2,650,hold,25,152,0,0.0000
2,700,hold,25,152,1,0.0008
2,750,hold,25,152,1,0.0008
2,800,hold,25,152,1,0.0008
2,850,hold,25,152,0,0.0000
2,900,hold,25,152,0,0.0000
2,950,hold,25,152,2,0.0016
2,1000,hold,25,152,0,0.0000
2,1050,hold,25,152,1,0.0008
2,1100,hold,25,152,2,0.0016
2,1150,hold,25,152,1,0.0008
2,1200,hold,25,152,0,0.0000
2,1250,hold,25,152,0,0.0000
2,1300,hold,25,152,2,0.0016
2,1350,hold,25,152,0,0.0000
2,1400,hold,25,152,3,0.0024
2,1450,hold,25,152,1,0.0008
2,1500,hold,25,152,1,0.0008
2,1550,hold,25,152,3,0.0024
2,1600,hold,25,152,2,0.0016
2,1650,hold,25,152,1,0.0008
2,1700,hold,25,152,0,0.0000
2,1750,hold,25,152,1,0.0008
2,1800,hold,25,152,2,0.0016
2,1850,hold,25,152,0,0.0000
2,1900,hold,25,152,1,0.0008
2,1950,hold,25,152,2,0.0016
2,20,return,25,152,1,0.0008
2,40,return,25,153,1,0.0008
2,60,return,25,154,1,0.0008
2,80,return,25,155,0,0.0000
2,100,return,25,156,0,0.0000
2,120,return,25,157,2,0.0016
2,140,return,25,158,2,0.0016
2,160,return,25,159,2,0.0016
2,180,return,25,160,1,0.0008
2,200,return,25,161,2,0.0016
2,220,return,25,162,0,0.0000
2,240,return,25,163,1,0.0008
2,260,return,25,164,2,0.0016
2,280,return,25,165,1,0.0008
2,300,return,25,166,1,0.0008
2,320,return,25,167,2,0.0016
2,340,return,25,168,4,0.0032
2,360,return,25,169,0,0.0000
2,380,return,25,170,1,0.0008
2,400,return,25,171,2,0.0016
2,420,return,25,172,1,0.0008
2,440,return,25,173,4,0.0032
2,460,return,25,174,1,0.0008
2,480,return,25,175,0,0.0000
2,500,return,25,176,2,0.0016
2,520,return,25,177,1,0.0008
2,540,return,25,178,2,0.0016
2,560,return,25,179,0,0.0000
2,580,return,25,180,1,0.0008
3,20,return_to_start,31,180,0,0.0000
3,20,press,31,180,1,0.0008
3,40,press,31,179,1,0.0008
3,60,press,31,178,0,0.0000
3,80,press,31,177,0,0.0000
3,100,press,31,176,2,0.0016
3,120,press,31,175,0,0.0000
3,140,press,31,174,0,0.0000
3,160,press,31,173,1,0.0008
3,180,press,31,172,1,0.0008
3,200,press,31,171,0,0.0000
3,220,press,31,170,2,0.0016
3,240,press,31,169,1,0.0008
3,260,press,31,168,2,0.0016
3,280,press,31,167,0,0.0000
3,300,press,31,166,1,0.0008
3,320,press,31,165,5,0.0040
3,340,press,31,164,2,0.0016
3,360,press,31,163,2,0.0016
3,380,press,31,162,0,0.0000
3,400,press,31,161,2,0.0016
3,420,press,31,160,2,0.0016
3,440,press,31,159,2,0.0016
3,460,press,31,158,2,0.0016
3,480,press,31,157,0,0.0000
3,500,press,31,156,2,0.0016
3,520,press,31,155,0,0.0000
3,540,press,31,154,1,0.0008
3,560,press,31,153,2,0.0016
3,580,press,31,152,1,0.0008
3,600,press,31,151,1,0.0008
3,620,press,31,150,0,0.0000
3,640,press,31,149,2,0.0016
3,660,press,31,148,6,0.0048
3,680,press,31,147,0,0.0000
3,700,press,31,146,8,0.0064
3,720,press,31,145,1,0.0008
3,740,press,31,144,7,0.0056
3,760,press,31,143,1,0.0008
3,780,press,31,142,1,0.0008
3,800,press,31,141,0,0.0000
3,820,press,31,140,3,0.0024
3,840,press,31,139,3,0.0024
3,860,press,31,138,0,0.0000
3,880,press,31,137,1,0.0008
3,900,press,31,136,1,0.0008
3,920,press,31,135,3,0.0024
3,940,press,31,134,1,0.0008
3,960,press,31,133,3,0.0024
3,980,press,31,132,2,0.0016
3,1000,press,31,131,0,0.0000
3,1020,press,31,130,1,0.0008
3,1040,press,31,129,2,0.0016
3,1060,press,31,128,1,0.0008
3,1080,press,31,127,2,0.0016
3,1100,press,31,126,5,0.0040
3,1120,press,31,125,0,0.0000
3,1140,press,31,124,1,0.0008
3,1160,press,31,123,1,0.0008
3,1180,press,31,122,2,0.0016
3,1200,press,31,121,2,0.0016
3,1220,press,31,120,0,0.0000
3,1240,press,31,119,2,0.0016
3,1260,press,31,118,0,0.0000
3,1280,press,31,117,1,0.0008
3,1300,press,31,116,0,0.0000
3,1320,press,31,115,2,0.0016
3,1340,press,31,114,1,0.0008
3,1360,press,31,113,1,0.0008
3,1380,press,31,112,2,0.0016
3,1400,press,31,111,2,0.0016
3,1420,press,31,110,2,0.0016
3,1440,press,31,109,0,0.0000
3,1460,press,31,108,1,0.0008
3,1480,press,31,107,0,0.0000
3,1500,press,31,106,0,0.0000
3,1520,press,31,105,1,0.0008
3,1540,press,31,104,1,0.0008
3,1560,press,31,103,0,0.0000
3,1580,press,31,102,0,0.0000
3,1600,press,31,101,1,0.0008
3,1620,press,31,100,0,0.0000
3,1640,press,31,99,0,0.0000
3,1660,press,31,98,3,0.0024
3,1680,press,31,97,0,0.0000
3,1700,press,31,96,2,0.0016
3,1720,press,31,95,2,0.0016
3,1740,press,31,94,0,0.0000
3,1760,press,31,93,1,0.0008
3,1780,press,31,92,2,0.0016
3,1800,press,31,91,0,0.0000
3,1820,press,31,90,1,0.0008
3,1840,press,31,89,2,0.0016
3,1860,press,31,88,2,0.0016
3,1880,press,31,87,3,0.0024
3,1900,press,31,86,0,0.0000
3,1920,press,31,85,1,0.0008
3,1940,press,31,84,1,0.0008
3,1960,press,31,83,0,0.0000
3,1980,press,31,82,2,0.0016
3,2000,press,31,81,2,0.0016
3,2020,press,31,80,2,0.0016
3,2040,press,31,79,1,0.0008
3,2060,press,31,78,1,0.0008
3,2080,press,31,77,2,0.0016
3,2100,press,31,76,2,0.0016
3,2120,press,31,75,1,0.0008
3,2140,press,31,74,0,0.0000
3,2160,press,31,73,0,0.0000
3,2180,press,31,72,0,0.0000
3,2200,press,31,71,1,0.0008
3,2220,press,31,70,2,0.0016
3,2240,press,31,69,0,0.0000
3,2260,press,31,68,0,0.0000
3,2280,press,31,67,1,0.0008
3,2300,press,31,66,2,0.0016
3,2320,press,31,65,0,0.0000
3,2340,press,31,64,0,0.0000
3,2360,press,31,63,0,0.0000
3,2380,press,31,62,2,0.0016
3,2400,press,31,61,1,0.0008
3,2420,press,31,60,2,0.0016
3,2440,press,31,59,1,0.0008
3,2460,press,31,58,0,0.0000
3,2480,press,31,57,1,0.0008
3,2500,press,31,56,1,0.0008
3,2520,press,31,55,1,0.0008
3,2540,press,31,54,1,0.0008
3,2560,press,31,53,1,0.0008
3,2580,press,31,52,0,0.0000
3,2600,press,31,51,4,0.0032
3,2620,press,31,50,0,0.0000
3,2640,press,31,49,8,0.0064
3,2660,press,31,48,0,0.0000
3,2680,press,31,47,4,0.0032
3,2700,press,31,46,5,0.0040
3,2720,press,31,45,1,0.0008
3,2740,press,31,44,2,0.0016
3,2760,press,31,43,1,0.0008
3,2780,press,31,42,7,0.0056
3,2800,press,31,41,2,0.0016
3,2820,press,31,40,0,0.0000
3,2840,press,31,39,0,0.0000
3,2860,press,31,38,0,0.0000
3,2880,press,31,37,1,0.0008
3,2900,press,31,36,2,0.0016
3,2920,press,31,35,8,0.0064
3,2940,press,31,34,2,0.0016
3,2960,press,31,33,2,0.0016
3,2980,press,31,32,17,0.0137
3,3000,press,31,31,0,0.0000
3,3020,press,31,30,1,0.0008
3,3040,press,31,29,2,0.0016
3,3060,press,31,28,3,0.0024
3,3080,press,31,27,19,0.0153
3,3100,press,31,26,0,0.0000
3,3120,press,31,25,3,0.0024
3,3140,press,31,24,27,0.0218
3,3160,press,31,23,0,0.0000
3,3180,press,31,22,3,0.0024
3,3200,press,31,21,33,0.0266
3,0,hold,31,21,1,0.0008
3,50,hold,31,21,41,0.0330
3,100,hold,31,21,41,0.0330
3,150,hold,31,21,8,0.0064
3,200,hold,31,21,1,0.0008
3,250,hold,31,21,0,0.0000
3,300,hold,31,21,30,0.0242
3,350,hold,31,21,1,0.0008
3,400,hold,31,21,40,0.0322
3,450,hold,31,21,3,0.0024
3,500,hold,31,21,30,0.0242
3,550,hold,31,21,3,0.0024
3,600,hold,31,21,41,0.0330
3,650,hold,31,21,4,0.0032
3,700,hold,31,21,39,0.0314
3,750,hold,31,21,4,0.0032
3,800,hold,31,21,30,0.0242
3,850,hold,31,21,1,0.0008
3,900,hold,31,21,40,0.0322
3,950,hold,31,21,3,0.0024
3,1000,hold,31,21,29,0.0234
3,1050,hold,31,21,25,0.0201
3,1100,hold,31,21,2,0.0016
3,1150,hold,31,21,31,0.0250
3,1200,hold,31,21,3,0.0024
3,1250,hold,31,21,39,0.0314
3,1300,hold,31,21,8,0.0064
3,1350,hold,31,21,25,0.0201
3,1400,hold,31,21,21,0.0169
3,1450,hold,31,21,23,0.0185
3,1500,hold,31,21,27,0.0218
3,1550,hold,31,21,27,0.0218
3,1600,hold,31,21,40,0.0322
3,1650,hold,31,21,25,0.0201
3,1700,hold,31,21,40,0.0322
3,1750,hold,31,21,22,0.0177
3,1800,hold,31,21,40,0.0322
3,1850,hold,31,21,1,0.0008
3,1900,hold,31,21,40,0.0322
3,1950,hold,31,21,2,0.0016
3,20,return,31,21,29,0.0234
3,40,return,31,22,23,0.0185
3,60,return,31,23,1,0.0008
3,80,return,31,24,1,0.0008
3,100,return,31,25,0,0.0000
3,120,return,31,26,5,0.0040
3,140,return,31,27,0,0.0000
3,160,return,31,28,0,0.0000
3,180,return,31,29,0,0.0000
3,200,return,31,30,1,0.0008
3,220,return,31,31,0,0.0000
3,240,return,31,32,2,0.0016
3,260,return,31,33,2,0.0016
3,280,return,31,34,1,0.0008
3,300,return,31,35,2,0.0016
3,320,return,31,36,1,0.0008
3,340,return,31,37,0,0.0000
3,360,return,31,38,1,0.0008
3,380,return,31,39,1,0.0008
3,400,return,31,40,0,0.0000
3,420,return,31,41,8,0.0064
3,440,return,31,42,2,0.0016
3,460,return,31,43,0,0.0000
3,480,return,31,44,0,0.0000
3,500,return,31,45,1,0.0008
3,520,return,31,46,1,0.0008
3,540,return,31,47,0,0.0000
3,560,return,31,48,3,0.0024
3,580,return,31,49,2,0.0016
3,600,return,31,50,1,0.0008
3,620,return,31,51,2,0.0016
3,640,return,31,52,0,0.0000
3,660,return,31,53,1,0.0008
3,680,return,31,54,2,0.0016
3,700,return,31,55,1,0.0008
3,720,return,31,56,1,0.0008
3,740,return,31,57,1,0.0008
3,760,return,31,58,0,0.0000
3,780,return,31,59,0,0.0000
3,800,return,31,60,2,0.0016
3,820,return,31,61,0,0.0000
3,840,return,31,62,1,0.0008
3,860,return,31,63,1,0.0008
3,880,return,31,64,2,0.0016
3,900,return,31,65,1,0.0008
3,920,return,31,66,1,0.0008
3,940,return,31,67,3,0.0024
3,960,return,31,68,1,0.0008
3,980,return,31,69,1,0.0008
3,1000,return,31,70,2,0.0016
3,1020,return,31,71,2,0.0016
3,1040,return,31,72,0,0.0000
3,1060,return,31,73,3,0.0024
3,1080,return,31,74,2,0.0016
3,1100,return,31,75,1,0.0008
3,1120,return,31,76,1,0.0008
3,1140,return,31,77,0,0.0000
3,1160,return,31,78,2,0.0016
3,1180,return,31,79,1,0.0008
3,1200,return,31,80,2,0.0016
3,1220,return,31,81,2,0.0016
3,1240,return,31,82,1,0.0008
3,1260,return,31,83,1,0.0008
3,1280,return,31,84,0,0.0000
3,1300,return,31,85,3,0.0024
3,1320,return,31,86,1,0.0008
3,1340,return,31,87,0,0.0000
3,1360,return,31,88,1,0.0008
3,1380,return,31,89,2,0.0016
3,1400,return,31,90,2,0.0016
3,1420,return,31,91,1,0.0008
3,1440,return,31,92,4,0.0032
3,1460,return,31,93,2,0.0016
3,1480,return,31,94,4,0.0032
3,1500,return,31,95,0,0.0000
3,1520,return,31,96,2,0.0016
3,1540,return,31,97,2,0.0016
3,1560,return,31,98,1,0.0008
3,1580,return,31,99,2,0.0016
3,1600,return,31,100,0,0.0000
3,1620,return,31,101,2,0.0016
3,1640,return,31,102,1,0.0008
3,1660,return,31,103,2,0.0016
3,1680,return,31,104,1,0.0008
3,1700,return,31,105,2,0.0016
3,1720,return,31,106,1,0.0008
3,1740,return,31,107,0,0.0000
3,1760,return,31,108,2,0.0016
3,1780,return,31,109,1,0.0008
3,1800,return,31,110,1,0.0008
3,1820,return,31,111,5,0.0040
3,1840,return,31,112,2,0.0016
3,1860,return,31,113,0,0.0000
3,1880,return,31,114,0,0.0000
3,1900,return,31,115,0,0.0000
3,1920,return,31,116,1,0.0008
3,1940,return,31,117,1,0.0008
3,1960,return,31,118,0,0.0000
3,1980,return,31,119,1,0.0008
3,2000,return,31,120,1,0.0008
3,2020,return,31,121,1,0.0008
3,2040,return,31,122,1,0.0008
3,2060,return,31,123,1,0.0008
3,2080,return,31,124,1,0.0008
3,2100,return,31,125,0,0.0000
3,2120,return,31,126,0,0.0000
3,2140,return,31,127,1,0.0008
3,2160,return,31,128,0,0.0000
3,2180,return,31,129,0,0.0000
3,2200,return,31,130,1,0.0008
3,2220,return,31,131,1,0.0008
3,2240,return,31,132,1,0.0008
3,2260,return,31,133,2,0.0016
3,2280,return,31,134,2,0.0016
3,2300,return,31,135,1,0.0008
3,2320,return,31,136,1,0.0008
3,2340,return,31,137,0,0.0000
3,2360,return,31,138,1,0.0008
3,2380,return,31,139,1,0.0008
3,2400,return,31,140,2,0.0016
3,2420,return,31,141,1,0.0008
3,2440,return,31,142,1,0.0008
3,2460,return,31,143,0,0.0000
3,2480,return,31,144,2,0.0016
3,2500,return,31,145,0,0.0000
3,2520,return,31,146,3,0.0024
3,2540,return,31,147,0,0.0000
3,2560,return,31,148,1,0.0008
3,2580,return,31,149,2,0.0016
3,2600,return,31,150,1,0.0008
3,2620,return,31,151,1,0.0008
3,2640,return,31,152,1,0.0008
3,2660,return,31,153,0,0.0000
3,2680,return,31,154,2,0.0016
3,2700,return,31,155,1,0.0008
3,2720,return,31,156,1,0.0008
3,2740,return,31,157,2,0.0016
3,2760,return,31,158,3,0.0024
3,2780,return,31,159,0,0.0000
3,2800,return,31,160,2,0.0016
3,2820,return,31,161,0,0.0000
3,2840,return,31,162,0,0.0000
3,2860,return,31,163,0,0.0000
3,2880,return,31,164,2,0.0016
3,2900,return,31,165,1,0.0008
3,2920,return,31,166,2,0.0016
3,2940,return,31,167,2,0.0016
3,2960,return,31,168,1,0.0008
3,2980,return,31,169,2,0.0016
3,3000,return,31,170,0,0.0000
3,3020,return,31,171,1,0.0008
3,3040,return,31,172,1,0.0008
3,3060,return,31,173,1,0.0008
3,3080,return,31,174,0,0.0000
3,3100,return,31,175,1,0.0008
3,3120,return,31,176,0,0.0000
3,3140,return,31,177,2,0.0016
3,3160,return,31,178,2,0.0016
3,3180,return,31,179,1,0.0008
3,3200,return,31,180,2,0.0016
