camera,sample_index,ros_time_sec,frame_id,marker_id,x,y,z,qx,qy,qz,qw
left,1,1780484837.110148,camera_left_optical_link,19,0.05954323323346287,-0.08917397736282616,0.32330809575400715,-0.003998372189578951,0.9949495085369281,-0.09691808625407528,-0.02581420226942127
left,1,1780484837.110148,camera_left_optical_link,18,0.22919524958710416,-0.09289648852862716,0.3434318748652225,-0.0026438899198529746,0.9998243362437759,-0.0004394300464201238,-0.018550293852633338
left,1,1780484837.110148,camera_left_optical_link,20,-0.0983961037616062,-0.10464144395426578,0.36936872480250094,-0.032112924041047416,0.9656746518118435,0.2572598222224974,-0.016081381397688162
left,1,1780484837.110148,camera_left_optical_link,21,-0.26500097381697835,-0.1184644962047064,0.4084008469912031,-0.013503071966207822,0.9863968958359755,0.13573013516694254,-0.09173963887105
left,2,1780484837.2064629,camera_left_optical_link,19,0.05954323323346287,-0.08917397736282616,0.32330809575400715,-0.003998372189578951,0.9949495085369281,-0.09691808625407528,-0.02581420226942127
left,2,1780484837.2064629,camera_left_optical_link,18,0.23233025096103602,-0.09440974544635887,0.3481624928823475,-0.013116887570986805,0.9994909037263846,-0.00012551336499009962,-0.02908375620617596
left,2,1780484837.2064629,camera_left_optical_link,20,-0.09922988428254985,-0.10582601845938662,0.37338263364724317,-0.03279998947353743,0.9715459636030301,0.23380483379555958,-0.018918271354068057
left,2,1780484837.2064629,camera_left_optical_link,21,-0.26500097381697835,-0.1184644962047064,0.4084008469912031,-0.013503071966207822,0.9863968958359755,0.13573013516694254,-0.09173963887105
left,3,1780484837.306726,camera_left_optical_link,19,0.05929046933600387,-0.08894901376211932,0.3217535288824634,-0.004127090506938281,0.9959878679076276,-0.08872745614790603,-0.010889106037097187
left,3,1780484837.306726,camera_left_optical_link,18,0.22694056540621704,-0.09228146621466073,0.3403414193899593,0.006997863296393782,0.9999688518991023,0.0034166046380043644,-0.001285283479945223
left,3,1780484837.306726,camera_left_optical_link,20,-0.09802504679821412,-0.10446716708716607,0.3687707707506116,-0.0325202234219986,0.9640849884581856,0.26055716945245094,-0.039906535117577024
left,3,1780484837.306726,camera_left_optical_link,21,-0.26500097381697835,-0.1184644962047064,0.4084008469912031,-0.013503071966207822,0.9863968958359755,0.13573013516694254,-0.09173963887105
left,4,1780484837.4069364,camera_left_optical_link,19,0.05957782842085758,-0.08984345886035323,0.32436178918133196,0.005315427627897968,0.9977401103045229,-0.06698004968510621,-0.0003024282260550788
left,4,1780484837.4069364,camera_left_optical_link,18,0.23233025096103602,-0.09440974544635887,0.3481624928823475,-0.013116887570986805,0.9994909037263846,-0.00012551336499009962,-0.02908375620617596
left,4,1780484837.4069364,camera_left_optical_link,20,-0.09805292741564597,-0.10400331871533226,0.36885665943541585,-0.04487657298757688,0.9648554415847643,0.2560433513298599,-0.038495094245033945
left,4,1780484837.4069364,camera_left_optical_link,21,-0.26500097381697835,-0.1184644962047064,0.4084008469912031,-0.013503071966207822,0.9863968958359755,0.13573013516694254,-0.09173963887105
left,5,1780484837.5077915,camera_left_optical_link,19,0.06023111695409263,-0.08912323704221897,0.3231169473970103,0.009299494060548525,0.9951759676185166,-0.09733817249144659,0.007974525740923728
left,5,1780484837.5077915,camera_left_optical_link,18,0.22694056540621704,-0.09228146621466073,0.3403414193899593,0.006997863296393782,0.9999688518991023,0.0034166046380043644,-0.001285283479945223
left,5,1780484837.5077915,camera_left_optical_link,20,-0.0983961037616062,-0.10464144395426578,0.36936872480250094,-0.032112924041047416,0.9656746518118435,0.2572598222224974,-0.016081381397688162
left,5,1780484837.5077915,camera_left_optical_link,21,-0.26500097381697835,-0.1184644962047064,0.4084008469912031,-0.013503071966207822,0.9863968958359755,0.13573013516694254,-0.09173963887105
left,6,1780484837.608587,camera_left_optical_link,19,0.06023111695409263,-0.08912323704221897,0.3231169473970103,0.009299494060548525,0.9951759676185166,-0.09733817249144659,0.007974525740923728
left,6,1780484837.608587,camera_left_optical_link,18,0.23233025096103602,-0.09440974544635887,0.3481624928823475,-0.013116887570986805,0.9994909037263846,-0.00012551336499009962,-0.02908375620617596
left,6,1780484837.608587,camera_left_optical_link,20,-0.0983961037616062,-0.10464144395426578,0.36936872480250094,-0.032112924041047416,0.9656746518118435,0.2572598222224974,-0.016081381397688162
left,6,1780484837.608587,camera_left_optical_link,21,-0.2683805495780603,-0.12039163187251503,0.4140826029621197,-0.003890738776344232,0.987499121377717,0.13913570435375686,-0.07397028595318006
left,7,1780484837.707661,camera_left_optical_link,19,0.06043839434021088,-0.08989419316691666,0.325261676360758,0.01875535529213118,0.9966170837174451,-0.07765356705884682,0.019301518423124813
left,7,1780484837.707661,camera_left_optical_link,18,0.23632888394037344,-0.09588711139274025,0.3546026883608597,-8.612221613342522e-05,0.998286764371498,0.013349299222798823,-0.05696775293014044
left,7,1780484837.707661,camera_left_optical_link,20,-0.0983961037616062,-0.10464144395426578,0.36936872480250094,-0.032112924041047416,0.9656746518118435,0.2572598222224974,-0.016081381397688162
left,7,1780484837.707661,camera_left_optical_link,21,-0.261642300779687,-0.11709755365653432,0.4027773026627509,-0.008790964315900813,0.9850729842504526,0.1346948373244918,-0.10682338435208213
left,8,1780484837.807655,camera_left_optical_link,19,0.05954323323346287,-0.08917397736282616,0.32330809575400715,-0.003998372189578951,0.9949495085369281,-0.09691808625407528,-0.02581420226942127
left,8,1780484837.807655,camera_left_optical_link,18,0.22694056540621704,-0.09228146621466073,0.3403414193899593,0.006997863296393782,0.9999688518991023,0.0034166046380043644,-0.001285283479945223
left,8,1780484837.807655,camera_left_optical_link,20,-0.0983961037616062,-0.10464144395426578,0.36936872480250094,-0.032112924041047416,0.9656746518118435,0.2572598222224974,-0.016081381397688162
left,8,1780484837.807655,camera_left_optical_link,21,-0.2610330104001591,-0.11706808788067799,0.40266545079622384,-0.02343583566396068,0.9847602717965227,0.13430545737547261,-0.10798153924229714
left,9,1780484837.9090252,camera_left_optical_link,19,0.05929046933600387,-0.08894901376211932,0.3217535288824634,-0.004127090506938281,0.9959878679076276,-0.08872745614790603,-0.010889106037097187
left,9,1780484837.9090252,camera_left_optical_link,18,0.22694056540621704,-0.09228146621466073,0.3403414193899593,0.006997863296393782,0.9999688518991023,0.0034166046380043644,-0.001285283479945223
left,9,1780484837.9090252,camera_left_optical_link,20,-0.0983961037616062,-0.10464144395426578,0.36936872480250094,-0.032112924041047416,0.9656746518118435,0.2572598222224974,-0.016081381397688162
left,9,1780484837.9090252,camera_left_optical_link,21,-0.26500097381697835,-0.1184644962047064,0.4084008469912031,-0.013503071966207822,0.9863968958359755,0.13573013516694254,-0.09173963887105
left,10,1780484838.0098915,camera_left_optical_link,19,0.05929046933600387,-0.08894901376211932,0.3217535288824634,-0.004127090506938281,0.9959878679076276,-0.08872745614790603,-0.010889106037097187
left,10,1780484838.0098915,camera_left_optical_link,18,0.23233025096103602,-0.09440974544635887,0.3481624928823475,-0.013116887570986805,0.9994909037263846,-0.00012551336499009962,-0.02908375620617596
left,10,1780484838.0098915,camera_left_optical_link,20,-0.0983961037616062,-0.10464144395426578,0.36936872480250094,-0.032112924041047416,0.9656746518118435,0.2572598222224974,-0.016081381397688162
left,10,1780484838.0098915,camera_left_optical_link,21,-0.26500097381697835,-0.1184644962047064,0.4084008469912031,-0.013503071966207822,0.9863968958359755,0.13573013516694254,-0.09173963887105
left,11,1780484838.1128123,camera_left_optical_link,19,0.05954323323346287,-0.08917397736282616,0.32330809575400715,-0.003998372189578951,0.9949495085369281,-0.09691808625407528,-0.02581420226942127
left,11,1780484838.1128123,camera_left_optical_link,18,0.22919524958710416,-0.09289648852862716,0.3434318748652225,-0.0026438899198529746,0.9998243362437759,-0.0004394300464201238,-0.018550293852633338
left,11,1780484838.1128123,camera_left_optical_link,20,-0.0983961037616062,-0.10464144395426578,0.36936872480250094,-0.032112924041047416,0.9656746518118435,0.2572598222224974,-0.016081381397688162
left,11,1780484838.1128123,camera_left_optical_link,21,-0.26500097381697835,-0.1184644962047064,0.4084008469912031,-0.013503071966207822,0.9863968958359755,0.13573013516694254,-0.09173963887105
left,12,1780484838.2105083,camera_left_optical_link,19,0.05954323323346287,-0.08917397736282616,0.32330809575400715,-0.003998372189578951,0.9949495085369281,-0.09691808625407528,-0.02581420226942127
left,12,1780484838.2105083,camera_left_optical_link,18,0.22694056540621704,-0.09228146621466073,0.3403414193899593,0.006997863296393782,0.9999688518991023,0.0034166046380043644,-0.001285283479945223
left,12,1780484838.2105083,camera_left_optical_link,20,-0.09879458846185554,-0.10480772001336415,0.37057840197093617,-0.04161739975100248,0.9742519858582719,0.2160386766166289,-0.049278294358820765
left,12,1780484838.2105083,camera_left_optical_link,21,-0.26500097381697835,-0.1184644962047064,0.4084008469912031,-0.013503071966207822,0.9863968958359755,0.13573013516694254,-0.09173963887105
left,13,1780484838.310015,camera_left_optical_link,19,0.05954323323346287,-0.08917397736282616,0.32330809575400715,-0.003998372189578951,0.9949495085369281,-0.09691808625407528,-0.02581420226942127
left,13,1780484838.310015,camera_left_optical_link,18,0.22919524958710416,-0.09289648852862716,0.3434318748652225,-0.0026438899198529746,0.9998243362437759,-0.0004394300464201238,-0.018550293852633338
left,13,1780484838.310015,camera_left_optical_link,20,-0.0983961037616062,-0.10464144395426578,0.36936872480250094,-0.032112924041047416,0.9656746518118435,0.2572598222224974,-0.016081381397688162
left,13,1780484838.310015,camera_left_optical_link,21,-0.26500097381697835,-0.1184644962047064,0.4084008469912031,-0.013503071966207822,0.9863968958359755,0.13573013516694254,-0.09173963887105
left,14,1780484838.410579,camera_left_optical_link,19,0.05957782842085758,-0.08984345886035323,0.32436178918133196,0.005315427627897968,0.9977401103045229,-0.06698004968510621,-0.0003024282260550788
left,14,1780484838.410579,camera_left_optical_link,18,0.23233025096103602,-0.09440974544635887,0.3481624928823475,-0.013116887570986805,0.9994909037263846,-0.00012551336499009962,-0.02908375620617596
left,14,1780484838.410579,camera_left_optical_link,20,-0.0983961037616062,-0.10464144395426578,0.36936872480250094,-0.032112924041047416,0.9656746518118435,0.2572598222224974,-0.016081381397688162
left,14,1780484838.410579,camera_left_optical_link,21,-0.261642300779687,-0.11709755365653432,0.4027773026627509,-0.008790964315900813,0.9850729842504526,0.1346948373244918,-0.10682338435208213
left,15,1780484838.5105097,camera_left_optical_link,19,0.05954323323346287,-0.08917397736282616,0.32330809575400715,-0.003998372189578951,0.9949495085369281,-0.09691808625407528,-0.02581420226942127
left,15,1780484838.5105097,camera_left_optical_link,18,0.23632888394037344,-0.09588711139274025,0.3546026883608597,-8.612221613342522e-05,0.998286764371498,0.013349299222798823,-0.05696775293014044
left,15,1780484838.5105097,camera_left_optical_link,20,-0.09780510899151956,-0.10400349630207249,0.3678781439292709,-0.03962663883862667,0.970028894665156,0.23612875588131746,-0.04143529479791432
left,15,1780484838.5105097,camera_left_optical_link,21,-0.26500097381697835,-0.1184644962047064,0.4084008469912031,-0.013503071966207822,0.9863968958359755,0.13573013516694254,-0.09173963887105
left,16,1780484838.6100376,camera_left_optical_link,19,0.05929046933600387,-0.08894901376211932,0.3217535288824634,-0.004127090506938281,0.9959878679076276,-0.08872745614790603,-0.010889106037097187
left,16,1780484838.6100376,camera_left_optical_link,18,0.22694056540621704,-0.09228146621466073,0.3403414193899593,0.006997863296393782,0.9999688518991023,0.0034166046380043644,-0.001285283479945223
left,16,1780484838.6100376,camera_left_optical_link,20,-0.0983961037616062,-0.10464144395426578,0.36936872480250094,-0.032112924041047416,0.9656746518118435,0.2572598222224974,-0.016081381397688162
left,16,1780484838.6100376,camera_left_optical_link,21,-0.26500097381697835,-0.1184644962047064,0.4084008469912031,-0.013503071966207822,0.9863968958359755,0.13573013516694254,-0.09173963887105
left,17,1780484838.7094102,camera_left_optical_link,19,0.05954323323346287,-0.08917397736282616,0.32330809575400715,-0.003998372189578951,0.9949495085369281,-0.09691808625407528,-0.02581420226942127
left,17,1780484838.7094102,camera_left_optical_link,18,0.23019629516258244,-0.09337384602213922,0.34525837325171865,0.009972061206990283,0.9998497396725565,0.007397912263581347,-0.012096568362366725
left,17,1780484838.7094102,camera_left_optical_link,20,-0.0983961037616062,-0.10464144395426578,0.36936872480250094,-0.032112924041047416,0.9656746518118435,0.2572598222224974,-0.016081381397688162
left,17,1780484838.7094102,camera_left_optical_link,21,-0.26500097381697835,-0.1184644962047064,0.4084008469912031,-0.013503071966207822,0.9863968958359755,0.13573013516694254,-0.09173963887105
left,18,1780484838.8093894,camera_left_optical_link,19,0.05929046933600387,-0.08894901376211932,0.3217535288824634,-0.004127090506938281,0.9959878679076276,-0.08872745614790603,-0.010889106037097187
left,18,1780484838.8093894,camera_left_optical_link,18,0.22775775003460266,-0.09251734264278576,0.3412602123678402,0.004466457958042514,0.9998609746283424,0.009578371270360968,-0.012897169161384977
left,18,1780484838.8093894,camera_left_optical_link,20,-0.0983961037616062,-0.10464144395426578,0.36936872480250094,-0.032112924041047416,0.9656746518118435,0.2572598222224974,-0.016081381397688162
left,18,1780484838.8093894,camera_left_optical_link,21,-0.26500097381697835,-0.1184644962047064,0.4084008469912031,-0.013503071966207822,0.9863968958359755,0.13573013516694254,-0.09173963887105
left,19,1780484838.910081,camera_left_optical_link,19,0.05954323323346287,-0.08917397736282616,0.32330809575400715,-0.003998372189578951,0.9949495085369281,-0.09691808625407528,-0.02581420226942127
left,19,1780484838.910081,camera_left_optical_link,18,0.23233025096103602,-0.09440974544635887,0.3481624928823475,-0.013116887570986805,0.9994909037263846,-0.00012551336499009962,-0.02908375620617596
left,19,1780484838.910081,camera_left_optical_link,20,-0.0983961037616062,-0.10464144395426578,0.36936872480250094,-0.032112924041047416,0.9656746518118435,0.2572598222224974,-0.016081381397688162
left,19,1780484838.910081,camera_left_optical_link,21,-0.26500097381697835,-0.1184644962047064,0.4084008469912031,-0.013503071966207822,0.9863968958359755,0.13573013516694254,-0.09173963887105
left,20,1780484839.01018,camera_left_optical_link,19,0.05929046933600387,-0.08894901376211932,0.3217535288824634,-0.004127090506938281,0.9959878679076276,-0.08872745614790603,-0.010889106037097187
left,20,1780484839.01018,camera_left_optical_link,18,0.22721432447974532,-0.09248749517863168,0.3411309048826025,0.003758133532983193,0.9998955574455337,0.007118338104494694,-0.012003328524368764
left,20,1780484839.01018,camera_left_optical_link,20,-0.0983961037616062,-0.10464144395426578,0.36936872480250094,-0.032112924041047416,0.9656746518118435,0.2572598222224974,-0.016081381397688162
left,20,1780484839.01018,camera_left_optical_link,21,-0.261642300779687,-0.11709755365653432,0.4027773026627509,-0.008790964315900813,0.9850729842504526,0.1346948373244918,-0.10682338435208213
left,21,1780484839.1099846,camera_left_optical_link,19,0.05929046933600387,-0.08894901376211932,0.3217535288824634,-0.004127090506938281,0.9959878679076276,-0.08872745614790603,-0.010889106037097187
left,21,1780484839.1099846,camera_left_optical_link,18,0.22919524958710416,-0.09289648852862716,0.3434318748652225,-0.0026438899198529746,0.9998243362437759,-0.0004394300464201238,-0.018550293852633338
left,21,1780484839.1099846,camera_left_optical_link,20,-0.0983961037616062,-0.10464144395426578,0.36936872480250094,-0.032112924041047416,0.9656746518118435,0.2572598222224974,-0.016081381397688162
left,21,1780484839.1099846,camera_left_optical_link,21,-0.2610330104001591,-0.11706808788067799,0.40266545079622384,-0.02343583566396068,0.9847602717965227,0.13430545737547261,-0.10798153924229714
left,22,1780484839.2102258,camera_left_optical_link,19,0.05929046933600387,-0.08894901376211932,0.3217535288824634,-0.004127090506938281,0.9959878679076276,-0.08872745614790603,-0.010889106037097187
left,22,1780484839.2102258,camera_left_optical_link,18,0.23019629516258244,-0.09337384602213922,0.34525837325171865,0.009972061206990283,0.9998497396725565,0.007397912263581347,-0.012096568362366725
left,22,1780484839.2102258,camera_left_optical_link,20,-0.09922988428254985,-0.10582601845938662,0.37338263364724317,-0.03279998947353743,0.9715459636030301,0.23380483379555958,-0.018918271354068057
left,22,1780484839.2102258,camera_left_optical_link,21,-0.26500097381697835,-0.1184644962047064,0.4084008469912031,-0.013503071966207822,0.9863968958359755,0.13573013516694254,-0.09173963887105
left,23,1780484839.3099096,camera_left_optical_link,19,0.05962317385613058,-0.08859760897692746,0.3211618481818502,0.003989126833098018,0.9946111026068558,-0.1034920804395542,-0.004714946932569515
left,23,1780484839.3099096,camera_left_optical_link,18,0.22942284387876505,-0.0930861329506793,0.3441572599670824,-0.006172165840160525,0.9995323965684002,0.002558689325766766,-0.029838660962016535
left,23,1780484839.3099096,camera_left_optical_link,20,-0.0983961037616062,-0.10464144395426578,0.36936872480250094,-0.032112924041047416,0.9656746518118435,0.2572598222224974,-0.016081381397688162
left,23,1780484839.3099096,camera_left_optical_link,21,-0.26500097381697835,-0.1184644962047064,0.4084008469912031,-0.013503071966207822,0.9863968958359755,0.13573013516694254,-0.09173963887105
left,24,1780484839.4076753,camera_left_optical_link,19,0.05957782842085758,-0.08984345886035323,0.32436178918133196,0.005315427627897968,0.9977401103045229,-0.06698004968510621,-0.0003024282260550788
left,24,1780484839.4076753,camera_left_optical_link,18,0.22694056540621704,-0.09228146621466073,0.3403414193899593,0.006997863296393782,0.9999688518991023,0.0034166046380043644,-0.001285283479945223
left,24,1780484839.4076753,camera_left_optical_link,20,-0.0983961037616062,-0.10464144395426578,0.36936872480250094,-0.032112924041047416,0.9656746518118435,0.2572598222224974,-0.016081381397688162
left,24,1780484839.4076753,camera_left_optical_link,21,-0.261642300779687,-0.11709755365653432,0.4027773026627509,-0.008790964315900813,0.9850729842504526,0.1346948373244918,-0.10682338435208213
left,25,1780484839.5078344,camera_left_optical_link,19,0.059467975427838486,-0.08880011622305545,0.3212079416383843,0.008556114396025915,0.9957578154049292,-0.08963963404679852,0.01891829734413269
left,25,1780484839.5078344,camera_left_optical_link,18,0.22694056540621704,-0.09228146621466073,0.3403414193899593,0.006997863296393782,0.9999688518991023,0.0034166046380043644,-0.001285283479945223
left,25,1780484839.5078344,camera_left_optical_link,20,-0.0983961037616062,-0.10464144395426578,0.36936872480250094,-0.032112924041047416,0.9656746518118435,0.2572598222224974,-0.016081381397688162
left,25,1780484839.5078344,camera_left_optical_link,21,-0.261642300779687,-0.11709755365653432,0.4027773026627509,-0.008790964315900813,0.9850729842504526,0.1346948373244918,-0.10682338435208213
left,26,1780484839.6074238,camera_left_optical_link,19,0.05954323323346287,-0.08917397736282616,0.32330809575400715,-0.003998372189578951,0.9949495085369281,-0.09691808625407528,-0.02581420226942127
left,26,1780484839.6074238,camera_left_optical_link,18,0.23749984901863333,-0.09663865508179278,0.35637330290953334,-0.009049374931057383,0.9980558234733244,-0.002646891648526588,-0.06160905784819637
left,26,1780484839.6074238,camera_left_optical_link,20,-0.0983961037616062,-0.10464144395426578,0.36936872480250094,-0.032112924041047416,0.9656746518118435,0.2572598222224974,-0.016081381397688162
left,26,1780484839.6074238,camera_left_optical_link,21,-0.26500097381697835,-0.1184644962047064,0.4084008469912031,-0.013503071966207822,0.9863968958359755,0.13573013516694254,-0.09173963887105
left,27,1780484839.707672,camera_left_optical_link,19,0.05929046933600387,-0.08894901376211932,0.3217535288824634,-0.004127090506938281,0.9959878679076276,-0.08872745614790603,-0.010889106037097187
left,27,1780484839.707672,camera_left_optical_link,18,0.23233025096103602,-0.09440974544635887,0.3481624928823475,-0.013116887570986805,0.9994909037263846,-0.00012551336499009962,-0.02908375620617596
left,27,1780484839.707672,camera_left_optical_link,20,-0.0983961037616062,-0.10464144395426578,0.36936872480250094,-0.032112924041047416,0.9656746518118435,0.2572598222224974,-0.016081381397688162
left,27,1780484839.707672,camera_left_optical_link,21,-0.26500097381697835,-0.1184644962047064,0.4084008469912031,-0.013503071966207822,0.9863968958359755,0.13573013516694254,-0.09173963887105
left,28,1780484839.8077366,camera_left_optical_link,19,0.05957782842085758,-0.08984345886035323,0.32436178918133196,0.005315427627897968,0.9977401103045229,-0.06698004968510621,-0.0003024282260550788
left,28,1780484839.8077366,camera_left_optical_link,18,0.23280711679768476,-0.09422612472567982,0.349273323025058,-0.003515262341892488,0.999077184426861,0.006383173012031775,-0.042328212703374134
left,28,1780484839.8077366,camera_left_optical_link,20,-0.09780510899151956,-0.10400349630207249,0.3678781439292709,-0.03962663883862667,0.970028894665156,0.23612875588131746,-0.04143529479791432
left,28,1780484839.8077366,camera_left_optical_link,21,-0.261642300779687,-0.11709755365653432,0.4027773026627509,-0.008790964315900813,0.9850729842504526,0.1346948373244918,-0.10682338435208213
left,29,1780484839.907217,camera_left_optical_link,19,0.05929046933600387,-0.08894901376211932,0.3217535288824634,-0.004127090506938281,0.9959878679076276,-0.08872745614790603,-0.010889106037097187
left,29,1780484839.907217,camera_left_optical_link,18,0.22694056540621704,-0.09228146621466073,0.3403414193899593,0.006997863296393782,0.9999688518991023,0.0034166046380043644,-0.001285283479945223
left,29,1780484839.907217,camera_left_optical_link,20,-0.0983961037616062,-0.10464144395426578,0.36936872480250094,-0.032112924041047416,0.9656746518118435,0.2572598222224974,-0.016081381397688162
left,29,1780484839.907217,camera_left_optical_link,21,-0.26500097381697835,-0.1184644962047064,0.4084008469912031,-0.013503071966207822,0.9863968958359755,0.13573013516694254,-0.09173963887105
left,30,1780484840.0075336,camera_left_optical_link,19,0.05929046933600387,-0.08894901376211932,0.3217535288824634,-0.004127090506938281,0.9959878679076276,-0.08872745614790603,-0.010889106037097187
left,30,1780484840.0075336,camera_left_optical_link,18,0.22694056540621704,-0.09228146621466073,0.3403414193899593,0.006997863296393782,0.9999688518991023,0.0034166046380043644,-0.001285283479945223
left,30,1780484840.0075336,camera_left_optical_link,20,-0.09780510899151956,-0.10400349630207249,0.3678781439292709,-0.03962663883862667,0.970028894665156,0.23612875588131746,-0.04143529479791432
left,30,1780484840.0075336,camera_left_optical_link,21,-0.26500097381697835,-0.1184644962047064,0.4084008469912031,-0.013503071966207822,0.9863968958359755,0.13573013516694254,-0.09173963887105
left,31,1780484840.107676,camera_left_optical_link,19,0.05929046933600387,-0.08894901376211932,0.3217535288824634,-0.004127090506938281,0.9959878679076276,-0.08872745614790603,-0.010889106037097187
left,31,1780484840.107676,camera_left_optical_link,18,0.22694056540621704,-0.09228146621466073,0.3403414193899593,0.006997863296393782,0.9999688518991023,0.0034166046380043644,-0.001285283479945223
left,31,1780484840.107676,camera_left_optical_link,20,-0.0983961037616062,-0.10464144395426578,0.36936872480250094,-0.032112924041047416,0.9656746518118435,0.2572598222224974,-0.016081381397688162
left,31,1780484840.107676,camera_left_optical_link,21,-0.2689466524544714,-0.12040012350894086,0.4140864119509549,-0.018088678056179613,0.9876978163411799,0.13596338518721776,-0.07509847674538443
left,32,1780484840.2071786,camera_left_optical_link,19,0.05929046933600387,-0.08894901376211932,0.3217535288824634,-0.004127090506938281,0.9959878679076276,-0.08872745614790603,-0.010889106037097187
left,32,1780484840.2071786,camera_left_optical_link,18,0.22721432447974532,-0.09248749517863168,0.3411309048826025,0.003758133532983193,0.9998955574455337,0.007118338104494694,-0.012003328524368764
left,32,1780484840.2071786,camera_left_optical_link,20,-0.0983961037616062,-0.10464144395426578,0.36936872480250094,-0.032112924041047416,0.9656746518118435,0.2572598222224974,-0.016081381397688162
left,32,1780484840.2071786,camera_left_optical_link,21,-0.26500097381697835,-0.1184644962047064,0.4084008469912031,-0.013503071966207822,0.9863968958359755,0.13573013516694254,-0.09173963887105
left,33,1780484840.3077419,camera_left_optical_link,19,0.05929046933600387,-0.08894901376211932,0.3217535288824634,-0.004127090506938281,0.9959878679076276,-0.08872745614790603,-0.010889106037097187
left,33,1780484840.3077419,camera_left_optical_link,18,0.23019629516258244,-0.09337384602213922,0.34525837325171865,0.009972061206990283,0.9998497396725565,0.007397912263581347,-0.012096568362366725
left,33,1780484840.3077419,camera_left_optical_link,20,-0.0983961037616062,-0.10464144395426578,0.36936872480250094,-0.032112924041047416,0.9656746518118435,0.2572598222224974,-0.016081381397688162
left,33,1780484840.3077419,camera_left_optical_link,21,-0.26500097381697835,-0.1184644962047064,0.4084008469912031,-0.013503071966207822,0.9863968958359755,0.13573013516694254,-0.09173963887105
left,34,1780484840.4078617,camera_left_optical_link,19,0.05929046933600387,-0.08894901376211932,0.3217535288824634,-0.004127090506938281,0.9959878679076276,-0.08872745614790603,-0.010889106037097187
left,34,1780484840.4078617,camera_left_optical_link,18,0.22919524958710416,-0.09289648852862716,0.3434318748652225,-0.0026438899198529746,0.9998243362437759,-0.0004394300464201238,-0.018550293852633338
left,34,1780484840.4078617,camera_left_optical_link,20,-0.0983961037616062,-0.10464144395426578,0.36936872480250094,-0.032112924041047416,0.9656746518118435,0.2572598222224974,-0.016081381397688162
left,34,1780484840.4078617,camera_left_optical_link,21,-0.2648527592935024,-0.11894465774912374,0.4081824009975995,0.0007775470698147944,0.9863655899782977,0.13766301471292786,-0.09017323720188404
left,35,1780484840.5076144,camera_left_optical_link,19,0.05962317385613058,-0.08859760897692746,0.3211618481818502,0.003989126833098018,0.9946111026068558,-0.1034920804395542,-0.004714946932569515
left,35,1780484840.5076144,camera_left_optical_link,18,0.23233025096103602,-0.09440974544635887,0.3481624928823475,-0.013116887570986805,0.9994909037263846,-0.00012551336499009962,-0.02908375620617596
left,35,1780484840.5076144,camera_left_optical_link,20,-0.09879458846185554,-0.10480772001336415,0.37057840197093617,-0.04161739975100248,0.9742519858582719,0.2160386766166289,-0.049278294358820765
left,35,1780484840.5076144,camera_left_optical_link,21,-0.26500097381697835,-0.1184644962047064,0.4084008469912031,-0.013503071966207822,0.9863968958359755,0.13573013516694254,-0.09173963887105
left,36,1780484840.6082451,camera_left_optical_link,19,0.05929046933600387,-0.08894901376211932,0.3217535288824634,-0.004127090506938281,0.9959878679076276,-0.08872745614790603,-0.010889106037097187
left,36,1780484840.6082451,camera_left_optical_link,18,0.22694056540621704,-0.09228146621466073,0.3403414193899593,0.006997863296393782,0.9999688518991023,0.0034166046380043644,-0.001285283479945223
left,36,1780484840.6082451,camera_left_optical_link,20,-0.0983961037616062,-0.10464144395426578,0.36936872480250094,-0.032112924041047416,0.9656746518118435,0.2572598222224974,-0.016081381397688162
left,36,1780484840.6082451,camera_left_optical_link,21,-0.261642300779687,-0.11709755365653432,0.4027773026627509,-0.008790964315900813,0.9850729842504526,0.1346948373244918,-0.10682338435208213
left,37,1780484840.7157881,camera_left_optical_link,19,0.05929046933600387,-0.08894901376211932,0.3217535288824634,-0.004127090506938281,0.9959878679076276,-0.08872745614790603,-0.010889106037097187
left,37,1780484840.7157881,camera_left_optical_link,18,0.23233025096103602,-0.09440974544635887,0.3481624928823475,-0.013116887570986805,0.9994909037263846,-0.00012551336499009962,-0.02908375620617596
left,37,1780484840.7157881,camera_left_optical_link,20,-0.09879458846185554,-0.10480772001336415,0.37057840197093617,-0.04161739975100248,0.9742519858582719,0.2160386766166289,-0.049278294358820765
left,37,1780484840.7157881,camera_left_optical_link,21,-0.26500097381697835,-0.1184644962047064,0.4084008469912031,-0.013503071966207822,0.9863968958359755,0.13573013516694254,-0.09173963887105
left,38,1780484840.8086834,camera_left_optical_link,19,0.05929046933600387,-0.08894901376211932,0.3217535288824634,-0.004127090506938281,0.9959878679076276,-0.08872745614790603,-0.010889106037097187
left,38,1780484840.8086834,camera_left_optical_link,18,0.23019629516258244,-0.09337384602213922,0.34525837325171865,0.009972061206990283,0.9998497396725565,0.007397912263581347,-0.012096568362366725
left,38,1780484840.8086834,camera_left_optical_link,20,-0.0983961037616062,-0.10464144395426578,0.36936872480250094,-0.032112924041047416,0.9656746518118435,0.2572598222224974,-0.016081381397688162
left,38,1780484840.8086834,camera_left_optical_link,21,-0.26500097381697835,-0.1184644962047064,0.4084008469912031,-0.013503071966207822,0.9863968958359755,0.13573013516694254,-0.09173963887105
left,39,1780484840.9085138,camera_left_optical_link,19,0.05954323323346287,-0.08917397736282616,0.32330809575400715,-0.003998372189578951,0.9949495085369281,-0.09691808625407528,-0.02581420226942127
left,39,1780484840.9085138,camera_left_optical_link,18,0.23233025096103602,-0.09440974544635887,0.3481624928823475,-0.013116887570986805,0.9994909037263846,-0.00012551336499009962,-0.02908375620617596
left,39,1780484840.9085138,camera_left_optical_link,20,-0.09879458846185554,-0.10480772001336415,0.37057840197093617,-0.04161739975100248,0.9742519858582719,0.2160386766166289,-0.049278294358820765
left,39,1780484840.9085138,camera_left_optical_link,21,-0.26500097381697835,-0.1184644962047064,0.4084008469912031,-0.013503071966207822,0.9863968958359755,0.13573013516694254,-0.09173963887105
left,40,1780484841.0082183,camera_left_optical_link,19,0.05954323323346287,-0.08917397736282616,0.32330809575400715,-0.003998372189578951,0.9949495085369281,-0.09691808625407528,-0.02581420226942127
left,40,1780484841.0082183,camera_left_optical_link,18,0.23632888394037344,-0.09588711139274025,0.3546026883608597,-8.612221613342522e-05,0.998286764371498,0.013349299222798823,-0.05696775293014044
left,40,1780484841.0082183,camera_left_optical_link,20,-0.09805292741564597,-0.10400331871533226,0.36885665943541585,-0.04487657298757688,0.9648554415847643,0.2560433513298599,-0.038495094245033945
left,40,1780484841.0082183,camera_left_optical_link,21,-0.26500097381697835,-0.1184644962047064,0.4084008469912031,-0.013503071966207822,0.9863968958359755,0.13573013516694254,-0.09173963887105
left,41,1780484841.1081948,camera_left_optical_link,19,0.05962317385613058,-0.08859760897692746,0.3211618481818502,0.003989126833098018,0.9946111026068558,-0.1034920804395542,-0.004714946932569515
left,41,1780484841.1081948,camera_left_optical_link,18,0.22919524958710416,-0.09289648852862716,0.3434318748652225,-0.0026438899198529746,0.9998243362437759,-0.0004394300464201238,-0.018550293852633338
left,41,1780484841.1081948,camera_left_optical_link,20,-0.09805292741564597,-0.10400331871533226,0.36885665943541585,-0.04487657298757688,0.9648554415847643,0.2560433513298599,-0.038495094245033945
left,41,1780484841.1081948,camera_left_optical_link,21,-0.261642300779687,-0.11709755365653432,0.4027773026627509,-0.008790964315900813,0.9850729842504526,0.1346948373244918,-0.10682338435208213
left,42,1780484841.2071557,camera_left_optical_link,19,0.05929046933600387,-0.08894901376211932,0.3217535288824634,-0.004127090506938281,0.9959878679076276,-0.08872745614790603,-0.010889106037097187
left,42,1780484841.2071557,camera_left_optical_link,18,0.22694056540621704,-0.09228146621466073,0.3403414193899593,0.006997863296393782,0.9999688518991023,0.0034166046380043644,-0.001285283479945223
left,42,1780484841.2071557,camera_left_optical_link,20,-0.0983961037616062,-0.10464144395426578,0.36936872480250094,-0.032112924041047416,0.9656746518118435,0.2572598222224974,-0.016081381397688162
left,42,1780484841.2071557,camera_left_optical_link,21,-0.26500097381697835,-0.1184644962047064,0.4084008469912031,-0.013503071966207822,0.9863968958359755,0.13573013516694254,-0.09173963887105
left,43,1780484841.3074837,camera_left_optical_link,19,0.05929046933600387,-0.08894901376211932,0.3217535288824634,-0.004127090506938281,0.9959878679076276,-0.08872745614790603,-0.010889106037097187
left,43,1780484841.3074837,camera_left_optical_link,18,0.22694056540621704,-0.09228146621466073,0.3403414193899593,0.006997863296393782,0.9999688518991023,0.0034166046380043644,-0.001285283479945223
left,43,1780484841.3074837,camera_left_optical_link,20,-0.0983961037616062,-0.10464144395426578,0.36936872480250094,-0.032112924041047416,0.9656746518118435,0.2572598222224974,-0.016081381397688162
left,43,1780484841.3074837,camera_left_optical_link,21,-0.26500097381697835,-0.1184644962047064,0.4084008469912031,-0.013503071966207822,0.9863968958359755,0.13573013516694254,-0.09173963887105
left,44,1780484841.4077256,camera_left_optical_link,19,0.05954323323346287,-0.08917397736282616,0.32330809575400715,-0.003998372189578951,0.9949495085369281,-0.09691808625407528,-0.02581420226942127
left,44,1780484841.4077256,camera_left_optical_link,18,0.22694056540621704,-0.09228146621466073,0.3403414193899593,0.006997863296393782,0.9999688518991023,0.0034166046380043644,-0.001285283479945223
left,44,1780484841.4077256,camera_left_optical_link,20,-0.0983961037616062,-0.10464144395426578,0.36936872480250094,-0.032112924041047416,0.9656746518118435,0.2572598222224974,-0.016081381397688162
left,44,1780484841.4077256,camera_left_optical_link,21,-0.26500097381697835,-0.1184644962047064,0.4084008469912031,-0.013503071966207822,0.9863968958359755,0.13573013516694254,-0.09173963887105
left,45,1780484841.508078,camera_left_optical_link,19,0.06023111695409263,-0.08912323704221897,0.3231169473970103,0.009299494060548525,0.9951759676185166,-0.09733817249144659,0.007974525740923728
left,45,1780484841.508078,camera_left_optical_link,18,0.22694056540621704,-0.09228146621466073,0.3403414193899593,0.006997863296393782,0.9999688518991023,0.0034166046380043644,-0.001285283479945223
left,45,1780484841.508078,camera_left_optical_link,20,-0.0983961037616062,-0.10464144395426578,0.36936872480250094,-0.032112924041047416,0.9656746518118435,0.2572598222224974,-0.016081381397688162
left,45,1780484841.508078,camera_left_optical_link,21,-0.26500097381697835,-0.1184644962047064,0.4084008469912031,-0.013503071966207822,0.9863968958359755,0.13573013516694254,-0.09173963887105
left,46,1780484841.6071439,camera_left_optical_link,19,0.05930349451981471,-0.08827862702062364,0.31926275083238587,0.003648664728306232,0.9952476561194831,-0.09681467605806489,0.009783084081601442
left,46,1780484841.6071439,camera_left_optical_link,18,0.23749984901863333,-0.09663865508179278,0.35637330290953334,-0.009049374931057383,0.9980558234733244,-0.002646891648526588,-0.06160905784819637
left,46,1780484841.6071439,camera_left_optical_link,20,-0.0983961037616062,-0.10464144395426578,0.36936872480250094,-0.032112924041047416,0.9656746518118435,0.2572598222224974,-0.016081381397688162
left,46,1780484841.6071439,camera_left_optical_link,21,-0.26500097381697835,-0.1184644962047064,0.4084008469912031,-0.013503071966207822,0.9863968958359755,0.13573013516694254,-0.09173963887105
left,47,1780484841.7078958,camera_left_optical_link,19,0.05929046933600387,-0.08894901376211932,0.3217535288824634,-0.004127090506938281,0.9959878679076276,-0.08872745614790603,-0.010889106037097187
left,47,1780484841.7078958,camera_left_optical_link,18,0.22694056540621704,-0.09228146621466073,0.3403414193899593,0.006997863296393782,0.9999688518991023,0.0034166046380043644,-0.001285283479945223
left,47,1780484841.7078958,camera_left_optical_link,20,-0.0983961037616062,-0.10464144395426578,0.36936872480250094,-0.032112924041047416,0.9656746518118435,0.2572598222224974,-0.016081381397688162
left,47,1780484841.7078958,camera_left_optical_link,21,-0.26500097381697835,-0.1184644962047064,0.4084008469912031,-0.013503071966207822,0.9863968958359755,0.13573013516694254,-0.09173963887105
left,48,1780484841.807716,camera_left_optical_link,19,0.05929046933600387,-0.08894901376211932,0.3217535288824634,-0.004127090506938281,0.9959878679076276,-0.08872745614790603,-0.010889106037097187
left,48,1780484841.807716,camera_left_optical_link,18,0.22721432447974532,-0.09248749517863168,0.3411309048826025,0.003758133532983193,0.9998955574455337,0.007118338104494694,-0.012003328524368764
left,48,1780484841.807716,camera_left_optical_link,20,-0.0983961037616062,-0.10464144395426578,0.36936872480250094,-0.032112924041047416,0.9656746518118435,0.2572598222224974,-0.016081381397688162
left,48,1780484841.807716,camera_left_optical_link,21,-0.26500097381697835,-0.1184644962047064,0.4084008469912031,-0.013503071966207822,0.9863968958359755,0.13573013516694254,-0.09173963887105
left,49,1780484841.907192,camera_left_optical_link,19,0.05930349451981471,-0.08827862702062364,0.31926275083238587,0.003648664728306232,0.9952476561194831,-0.09681467605806489,0.009783084081601442
left,49,1780484841.907192,camera_left_optical_link,18,0.23632888394037344,-0.09588711139274025,0.3546026883608597,-8.612221613342522e-05,0.998286764371498,0.013349299222798823,-0.05696775293014044
left,49,1780484841.907192,camera_left_optical_link,20,-0.0983961037616062,-0.10464144395426578,0.36936872480250094,-0.032112924041047416,0.9656746518118435,0.2572598222224974,-0.016081381397688162
left,49,1780484841.907192,camera_left_optical_link,21,-0.2584067504390011,-0.11524965405889749,0.39734966115271403,-0.018433529656798626,0.9834127143575405,0.1327427969479326,-0.12222515323273815
left,50,1780484842.0074909,camera_left_optical_link,19,0.05954323323346287,-0.08917397736282616,0.32330809575400715,-0.003998372189578951,0.9949495085369281,-0.09691808625407528,-0.02581420226942127
left,50,1780484842.0074909,camera_left_optical_link,18,0.23362273058451008,-0.09499551216271875,0.3504363945334825,0.013738026405792936,0.9995050917259094,0.01421682670104769,-0.024468757283682214
left,50,1780484842.0074909,camera_left_optical_link,20,-0.0983961037616062,-0.10464144395426578,0.36936872480250094,-0.032112924041047416,0.9656746518118435,0.2572598222224974,-0.016081381397688162
left,50,1780484842.0074909,camera_left_optical_link,21,-0.26500097381697835,-0.1184644962047064,0.4084008469912031,-0.013503071966207822,0.9863968958359755,0.13573013516694254,-0.09173963887105
